,,,,,,,
Data Point Details,,,,,,,
,,,,,,,
Container,Material,Material Desc,Data Point Desc,Data Point  Value,High Limit,Result,Submitter
26575879-002,50550785-01,TOP ASSY ERCP SCOPE,Rec Down 70,4.055,5.34,PASS,gallarb
26575879-002,50550785-01,TOP ASSY ERCP SCOPE,Rec Down 95,6.055,9.04,PASS,gallarb
26575879-002,50550785-01,TOP ASSY ERCP SCOPE,Rec Elevator Lever Close,1.35,5.34,PASS,gallarb
26575879-002,50550785-01,TOP ASSY ERCP SCOPE,Rec Elevator Lever Open,1.305,5.34,PASS,gallarb
26575879-002,50550785-01,TOP ASSY ERCP SCOPE,Rec Left 90,4.26,9.04,PASS,gallarb
26575879-002,50550785-01,TOP ASSY ERCP SCOPE,Rec L/R Lock Force,3.255,8.34,PASS,gallarb
26575879-002,50550785-01,TOP ASSY ERCP SCOPE,Rec Right 125,8.615,9.04,PASS,gallarb
26575879-002,50550785-01,TOP ASSY ERCP SCOPE,Rec U/D Lock Force,4.19,5.34,PASS,gallarb
26575879-002,50550785-01,TOP ASSY ERCP SCOPE,Rec Up 130,6.06,9.04,PASS,gallarb
26575879-002,50550785-01,TOP ASSY ERCP SCOPE,Rec Up 70,4.045,5.34,PASS,gallarb
26575879-003,50550785-01,TOP ASSY ERCP SCOPE,Rec Down 70,3.865,5.34,PASS,gallarb
26575879-003,50550785-01,TOP ASSY ERCP SCOPE,Rec Down 95,4.88,9.04,PASS,gallarb
26575879-003,50550785-01,TOP ASSY ERCP SCOPE,Rec Elevator Lever Close,3.61,5.34,PASS,gallarb
26575879-003,50550785-01,TOP ASSY ERCP SCOPE,Rec Elevator Lever Open,0.45,5.34,PASS,gallarb
26575879-003,50550785-01,TOP ASSY ERCP SCOPE,Rec Left 90,7.56,9.04,PASS,gallarb
26575879-003,50550785-01,TOP ASSY ERCP SCOPE,Rec L/R Lock Force,3.34,8.34,PASS,gallarb
26575879-003,50550785-01,TOP ASSY ERCP SCOPE,Rec Right 125,7.135,9.04,PASS,gallarb
26575879-003,50550785-01,TOP ASSY ERCP SCOPE,Rec U/D Lock Force,4.91,5.34,PASS,gallarb
26575879-003,50550785-01,TOP ASSY ERCP SCOPE,Rec Up 130,5.305,9.04,PASS,gallarb
26575879-003,50550785-01,TOP ASSY ERCP SCOPE,Rec Up 70,2.815,5.34,PASS,gallarb
26575879-004,50550785-01,TOP ASSY ERCP SCOPE,Rec Down 70,3.515,5.34,PASS,chavj11
26575879-004,50550785-01,TOP ASSY ERCP SCOPE,Rec Down 95,5.035,9.04,PASS,chavj11
26575879-004,50550785-01,TOP ASSY ERCP SCOPE,Rec Elevator Lever Close,1.55,5.34,PASS,chavj11
26575879-004,50550785-01,TOP ASSY ERCP SCOPE,Rec Elevator Lever Open,0.67,5.34,PASS,chavj11
26575879-004,50550785-01,TOP ASSY ERCP SCOPE,Rec Left 90,4.67,9.04,PASS,chavj11
26575879-004,50550785-01,TOP ASSY ERCP SCOPE,Rec L/R Lock Force,4.195,8.34,PASS,chavj11
26575879-004,50550785-01,TOP ASSY ERCP SCOPE,Rec Right 125,6.34,9.04,PASS,chavj11
26575879-004,50550785-01,TOP ASSY ERCP SCOPE,Rec U/D Lock Force,4.09,5.34,PASS,chavj11
26575879-004,50550785-01,TOP ASSY ERCP SCOPE,Rec Up 130,5.03,9.04,PASS,chavj11
26575879-004,50550785-01,TOP ASSY ERCP SCOPE,Rec Up 70,3.465,5.34,PASS,chavj11
26575879-005,50550785-01,TOP ASSY ERCP SCOPE,Rec Down 70,3.995,5.34,PASS,chavj11
26575879-005,50550785-01,TOP ASSY ERCP SCOPE,Rec Down 95,5.635,9.04,PASS,chavj11
26575879-005,50550785-01,TOP ASSY ERCP SCOPE,Rec Elevator Lever Close,0.78,5.34,PASS,chavj11
26575879-005,50550785-01,TOP ASSY ERCP SCOPE,Rec Elevator Lever Open,1.89,5.34,PASS,chavj11
26575879-005,50550785-01,TOP ASSY ERCP SCOPE,Rec Left 90,6.39,9.04,PASS,chavj11
26575879-005,50550785-01,TOP ASSY ERCP SCOPE,Rec L/R Lock Force,3.475,8.34,PASS,chavj11
26575879-005,50550785-01,TOP ASSY ERCP SCOPE,Rec Right 125,7.85,9.04,PASS,chavj11
26575879-005,50550785-01,TOP ASSY ERCP SCOPE,Rec U/D Lock Force,11.16,5.34,FAIL,chavj11
26575879-005,50550785-01,TOP ASSY ERCP SCOPE,Rec Up 130,5.72,9.04,PASS,chavj11
26575879-005,50550785-01,TOP ASSY ERCP SCOPE,Rec Up 70,4.43,5.34,PASS,chavj11
26575879-007,50550785-01,TOP ASSY ERCP SCOPE,Rec Down 70,3.47,5.34,PASS,chavj11
26575879-007,50550785-01,TOP ASSY ERCP SCOPE,Rec Down 95,4.565,9.04,PASS,chavj11
26575879-007,50550785-01,TOP ASSY ERCP SCOPE,Rec Elevator Lever Close,0.77,5.34,PASS,chavj11
26575879-007,50550785-01,TOP ASSY ERCP SCOPE,Rec Elevator Lever Open,1.025,5.34,PASS,chavj11
26575879-007,50550785-01,TOP ASSY ERCP SCOPE,Rec Left 90,6.06,9.04,PASS,chavj11
26575879-007,50550785-01,TOP ASSY ERCP SCOPE,Rec L/R Lock Force,4.98,8.34,PASS,chavj11
26575879-007,50550785-01,TOP ASSY ERCP SCOPE,Rec Right 125,9.01,9.04,PASS,chavj11
26575879-007,50550785-01,TOP ASSY ERCP SCOPE,Rec U/D Lock Force,3.98,5.34,PASS,chavj11
26575879-007,50550785-01,TOP ASSY ERCP SCOPE,Rec Up 130,4.505,9.04,PASS,chavj11
26575879-007,50550785-01,TOP ASSY ERCP SCOPE,Rec Up 70,3.465,5.34,PASS,chavj11
26575879-008,50550785-01,TOP ASSY ERCP SCOPE,Rec Down 70,4.375,5.34,PASS,gallarb
26575879-008,50550785-01,TOP ASSY ERCP SCOPE,Rec Down 95,6.37,9.04,PASS,gallarb
26575879-008,50550785-01,TOP ASSY ERCP SCOPE,Rec Elevator Lever Close,3.845,5.34,PASS,gallarb
26575879-008,50550785-01,TOP ASSY ERCP SCOPE,Rec Elevator Lever Open,0.805,5.34,PASS,gallarb
26575879-008,50550785-01,TOP ASSY ERCP SCOPE,Rec Left 90,5.725,9.04,PASS,gallarb
26575879-008,50550785-01,TOP ASSY ERCP SCOPE,Rec L/R Lock Force,3.54,8.34,PASS,gallarb
26575879-008,50550785-01,TOP ASSY ERCP SCOPE,Rec Right 125,8.8,9.04,PASS,gallarb
26575879-008,50550785-01,TOP ASSY ERCP SCOPE,Rec U/D Lock Force,3.635,5.34,PASS,gallarb
26575879-008,50550785-01,TOP ASSY ERCP SCOPE,Rec Up 130,4.745,9.04,PASS,gallarb
26575879-008,50550785-01,TOP ASSY ERCP SCOPE,Rec Up 70,2.835,5.34,PASS,gallarb
26575879-009,50550785-01,TOP ASSY ERCP SCOPE,Rec Down 70,3.455,5.34,PASS,chavj11
26575879-009,50550785-01,TOP ASSY ERCP SCOPE,Rec Down 95,4.76,9.04,PASS,chavj11
26575879-009,50550785-01,TOP ASSY ERCP SCOPE,Rec Elevator Lever Close,1.005,5.34,PASS,chavj11
26575879-009,50550785-01,TOP ASSY ERCP SCOPE,Rec Elevator Lever Open,0.655,5.34,PASS,chavj11
26575879-009,50550785-01,TOP ASSY ERCP SCOPE,Rec Left 90,5.77,9.04,PASS,chavj11
26575879-009,50550785-01,TOP ASSY ERCP SCOPE,Rec L/R Lock Force,5.005,8.34,PASS,chavj11
26575879-009,50550785-01,TOP ASSY ERCP SCOPE,Rec Right 125,8.49,9.04,PASS,chavj11
26575879-009,50550785-01,TOP ASSY ERCP SCOPE,Rec U/D Lock Force,3.855,5.34,PASS,chavj11
26575879-009,50550785-01,TOP ASSY ERCP SCOPE,Rec Up 130,6.61,9.04,PASS,chavj11
26575879-009,50550785-01,TOP ASSY ERCP SCOPE,Rec Up 70,5.12,5.34,PASS,chavj11
26575879-010,50550785-01,TOP ASSY ERCP SCOPE,Rec Down 70,3.655,5.34,PASS,chavj11
26575879-010,50550785-01,TOP ASSY ERCP SCOPE,Rec Down 95,5.565,9.04,PASS,chavj11
26575879-010,50550785-01,TOP ASSY ERCP SCOPE,Rec Elevator Lever Close,1.06,5.34,PASS,chavj11
26575879-010,50550785-01,TOP ASSY ERCP SCOPE,Rec Elevator Lever Open,0.52,5.34,PASS,chavj11
26575879-010,50550785-01,TOP ASSY ERCP SCOPE,Rec Left 90,5.89,9.04,PASS,chavj11
26575879-010,50550785-01,TOP ASSY ERCP SCOPE,Rec L/R Lock Force,7.165,8.34,PASS,chavj11
26575879-010,50550785-01,TOP ASSY ERCP SCOPE,Rec Right 125,7.845,9.04,PASS,chavj11
26575879-010,50550785-01,TOP ASSY ERCP SCOPE,Rec U/D Lock Force,5.005,5.34,PASS,chavj11
26575879-010,50550785-01,TOP ASSY ERCP SCOPE,Rec Up 130,5.165,9.04,PASS,chavj11
26575879-010,50550785-01,TOP ASSY ERCP SCOPE,Rec Up 70,3.455,5.34,PASS,chavj11
26575879-011,50550785-01,TOP ASSY ERCP SCOPE,Rec Down 70,3.42,5.34,PASS,chavj11
26575879-011,50550785-01,TOP ASSY ERCP SCOPE,Rec Down 95,4.895,9.04,PASS,chavj11
26575879-011,50550785-01,TOP ASSY ERCP SCOPE,Rec Elevator Lever Close,0.92,5.34,PASS,chavj11
26575879-011,50550785-01,TOP ASSY ERCP SCOPE,Rec Elevator Lever Open,1.23,5.34,PASS,chavj11
26575879-011,50550785-01,TOP ASSY ERCP SCOPE,Rec Left 90,5.68,9.04,PASS,chavj11
26575879-011,50550785-01,TOP ASSY ERCP SCOPE,Rec L/R Lock Force,7.69,8.34,PASS,chavj11
26575879-011,50550785-01,TOP ASSY ERCP SCOPE,Rec Right 125,7.89,9.04,PASS,chavj11
26575879-011,50550785-01,TOP ASSY ERCP SCOPE,Rec U/D Lock Force,4.485,5.34,PASS,chavj11
26575879-011,50550785-01,TOP ASSY ERCP SCOPE,Rec Up 130,6.81,9.04,PASS,chavj11
26575879-011,50550785-01,TOP ASSY ERCP SCOPE,Rec Up 70,3.3,5.34,PASS,chavj11
26575879-012,50550785-01,TOP ASSY ERCP SCOPE,Rec Down 70,4.61,5.34,PASS,gallarb
26575879-012,50550785-01,TOP ASSY ERCP SCOPE,Rec Down 95,4.955,9.04,PASS,gallarb
26575879-012,50550785-01,TOP ASSY ERCP SCOPE,Rec Elevator Lever Close,2.25,5.34,PASS,gallarb
26575879-012,50550785-01,TOP ASSY ERCP SCOPE,Rec Elevator Lever Open,0.58,5.34,PASS,gallarb
26575879-012,50550785-01,TOP ASSY ERCP SCOPE,Rec Left 90,6.275,9.04,PASS,gallarb
26575879-012,50550785-01,TOP ASSY ERCP SCOPE,Rec L/R Lock Force,3.47,8.34,PASS,gallarb
26575879-012,50550785-01,TOP ASSY ERCP SCOPE,Rec Right 125,8.58,9.04,PASS,gallarb
26575879-012,50550785-01,TOP ASSY ERCP SCOPE,Rec U/D Lock Force,3.59,5.34,PASS,gallarb
26575879-012,50550785-01,TOP ASSY ERCP SCOPE,Rec Up 130,5.22,9.04,PASS,gallarb
26575879-012,50550785-01,TOP ASSY ERCP SCOPE,Rec Up 70,5.23,5.34,PASS,gallarb
26575879-013,50550785-01,TOP ASSY ERCP SCOPE,Rec Down 70,4.105,5.34,PASS,gallarb
26575879-013,50550785-01,TOP ASSY ERCP SCOPE,Rec Down 95,6.555,9.04,PASS,gallarb
26575879-013,50550785-01,TOP ASSY ERCP SCOPE,Rec Elevator Lever Close,3.635,5.34,PASS,gallarb
26575879-013,50550785-01,TOP ASSY ERCP SCOPE,Rec Elevator Lever Open,0.93,5.34,PASS,gallarb
26575879-013,50550785-01,TOP ASSY ERCP SCOPE,Rec Left 90,5.08,9.04,PASS,gallarb
26575879-013,50550785-01,TOP ASSY ERCP SCOPE,Rec L/R Lock Force,3.13,8.34,PASS,gallarb
26575879-013,50550785-01,TOP ASSY ERCP SCOPE,Rec Right 125,8.555,9.04,PASS,gallarb
26575879-013,50550785-01,TOP ASSY ERCP SCOPE,Rec U/D Lock Force,4.345,5.34,PASS,gallarb
26575879-013,50550785-01,TOP ASSY ERCP SCOPE,Rec Up 130,4.62,9.04,PASS,gallarb
26575879-013,50550785-01,TOP ASSY ERCP SCOPE,Rec Up 70,2.665,5.34,PASS,gallarb
26575879-014,50550785-01,TOP ASSY ERCP SCOPE,Rec Down 70,3.98,5.34,PASS,avilaa1
26575879-014,50550785-01,TOP ASSY ERCP SCOPE,Rec Down 95,4.655,9.04,PASS,avilaa1
26575879-014,50550785-01,TOP ASSY ERCP SCOPE,Rec Elevator Lever Close,2.11,5.34,PASS,avilaa1
26575879-014,50550785-01,TOP ASSY ERCP SCOPE,Rec Elevator Lever Open,1.175,5.34,PASS,avilaa1
26575879-014,50550785-01,TOP ASSY ERCP SCOPE,Rec Left 90,5.655,9.04,PASS,avilaa1
26575879-014,50550785-01,TOP ASSY ERCP SCOPE,Rec L/R Lock Force,4.815,8.34,PASS,avilaa1
26575879-014,50550785-01,TOP ASSY ERCP SCOPE,Rec Right 125,6.98,9.04,PASS,avilaa1
26575879-014,50550785-01,TOP ASSY ERCP SCOPE,Rec U/D Lock Force,4.465,5.34,PASS,avilaa1
26575879-014,50550785-01,TOP ASSY ERCP SCOPE,Rec Up 130,5.84,9.04,PASS,avilaa1
26575879-014,50550785-01,TOP ASSY ERCP SCOPE,Rec Up 70,3.015,5.34,PASS,avilaa1
26575879-015,50550785-01,TOP ASSY ERCP SCOPE,Rec Down 70,3.44,5.34,PASS,chavj11
26575879-015,50550785-01,TOP ASSY ERCP SCOPE,Rec Down 95,4.27,9.04,PASS,chavj11
26575879-015,50550785-01,TOP ASSY ERCP SCOPE,Rec Elevator Lever Close,0.075,5.34,PASS,chavj11
26575879-015,50550785-01,TOP ASSY ERCP SCOPE,Rec Elevator Lever Open,0.77,5.34,PASS,chavj11
26575879-015,50550785-01,TOP ASSY ERCP SCOPE,Rec Left 90,5.765,9.04,PASS,chavj11
26575879-015,50550785-01,TOP ASSY ERCP SCOPE,Rec L/R Lock Force,3.455,8.34,PASS,chavj11
26575879-015,50550785-01,TOP ASSY ERCP SCOPE,Rec Right 125,8.48,9.04,PASS,chavj11
26575879-015,50550785-01,TOP ASSY ERCP SCOPE,Rec U/D Lock Force,3.885,5.34,PASS,chavj11
26575879-015,50550785-01,TOP ASSY ERCP SCOPE,Rec Up 130,4.97,9.04,PASS,chavj11
26575879-015,50550785-01,TOP ASSY ERCP SCOPE,Rec Up 70,3.46,5.34,PASS,chavj11
26575879-016,50550785-01,TOP ASSY ERCP SCOPE,Rec Down 70,4.065,5.34,PASS,gallarb
26575879-016,50550785-01,TOP ASSY ERCP SCOPE,Rec Down 95,8.145,9.04,PASS,gallarb
26575879-016,50550785-01,TOP ASSY ERCP SCOPE,Rec Elevator Lever Close,5.115,5.34,PASS,gallarb
26575879-016,50550785-01,TOP ASSY ERCP SCOPE,Rec Elevator Lever Open,0.625,5.34,PASS,gallarb
26575879-016,50550785-01,TOP ASSY ERCP SCOPE,Rec Left 90,4.165,9.04,PASS,gallarb
26575879-016,50550785-01,TOP ASSY ERCP SCOPE,Rec L/R Lock Force,2.925,8.34,PASS,gallarb
26575879-016,50550785-01,TOP ASSY ERCP SCOPE,Rec Right 125,7.88,9.04,PASS,gallarb
26575879-016,50550785-01,TOP ASSY ERCP SCOPE,Rec U/D Lock Force,4.365,5.34,PASS,gallarb
26575879-016,50550785-01,TOP ASSY ERCP SCOPE,Rec Up 130,4.885,9.04,PASS,gallarb
26575879-016,50550785-01,TOP ASSY ERCP SCOPE,Rec Up 70,2.965,5.34,PASS,gallarb
26575879-017,50550785-01,TOP ASSY ERCP SCOPE,Rec Down 70,4.205,5.34,PASS,gallarb
26575879-017,50550785-01,TOP ASSY ERCP SCOPE,Rec Down 95,7.29,9.04,PASS,gallarb
26575879-017,50550785-01,TOP ASSY ERCP SCOPE,Rec Elevator Lever Close,3.365,5.34,PASS,gallarb
26575879-017,50550785-01,TOP ASSY ERCP SCOPE,Rec Elevator Lever Open,0.62,5.34,PASS,gallarb
26575879-017,50550785-01,TOP ASSY ERCP SCOPE,Rec Left 90,4.86,9.04,PASS,gallarb
26575879-017,50550785-01,TOP ASSY ERCP SCOPE,Rec L/R Lock Force,3.87,8.34,PASS,gallarb
26575879-017,50550785-01,TOP ASSY ERCP SCOPE,Rec Right 125,8.115,9.04,PASS,gallarb
26575879-017,50550785-01,TOP ASSY ERCP SCOPE,Rec U/D Lock Force,3.08,5.34,PASS,gallarb
26575879-017,50550785-01,TOP ASSY ERCP SCOPE,Rec Up 130,4.595,9.04,PASS,gallarb
26575879-017,50550785-01,TOP ASSY ERCP SCOPE,Rec Up 70,2.815,5.34,PASS,gallarb
26575879-018,50550785-01,TOP ASSY ERCP SCOPE,Rec Down 70,4.88,5.34,PASS,gallarb
26575879-018,50550785-01,TOP ASSY ERCP SCOPE,Rec Down 95,5.35,9.04,PASS,gallarb
26575879-018,50550785-01,TOP ASSY ERCP SCOPE,Rec Elevator Lever Close,3.385,5.34,PASS,gallarb
26575879-018,50550785-01,TOP ASSY ERCP SCOPE,Rec Elevator Lever Open,0.61,5.34,PASS,gallarb
26575879-018,50550785-01,TOP ASSY ERCP SCOPE,Rec Left 90,5.19,9.04,PASS,gallarb
26575879-018,50550785-01,TOP ASSY ERCP SCOPE,Rec L/R Lock Force,3.1,8.34,PASS,gallarb
26575879-018,50550785-01,TOP ASSY ERCP SCOPE,Rec Right 125,8.385,9.04,PASS,gallarb
26575879-018,50550785-01,TOP ASSY ERCP SCOPE,Rec U/D Lock Force,2.995,5.34,PASS,gallarb
26575879-018,50550785-01,TOP ASSY ERCP SCOPE,Rec Up 130,5.02,9.04,PASS,gallarb
26575879-018,50550785-01,TOP ASSY ERCP SCOPE,Rec Up 70,3,5.34,PASS,gallarb
26575879-019,50550785-01,TOP ASSY ERCP SCOPE,Rec Down 70,3.23,5.34,PASS,gallarb
26575879-019,50550785-01,TOP ASSY ERCP SCOPE,Rec Down 95,4.255,9.04,PASS,gallarb
26575879-019,50550785-01,TOP ASSY ERCP SCOPE,Rec Elevator Lever Close,2.28,5.34,PASS,gallarb
26575879-019,50550785-01,TOP ASSY ERCP SCOPE,Rec Elevator Lever Open,0.76,5.34,PASS,gallarb
26575879-019,50550785-01,TOP ASSY ERCP SCOPE,Rec Left 90,4.33,9.04,PASS,gallarb
26575879-019,50550785-01,TOP ASSY ERCP SCOPE,Rec L/R Lock Force,3.17,8.34,PASS,gallarb
26575879-019,50550785-01,TOP ASSY ERCP SCOPE,Rec Right 125,8.295,9.04,PASS,gallarb
26575879-019,50550785-01,TOP ASSY ERCP SCOPE,Rec U/D Lock Force,3.64,5.34,PASS,gallarb
26575879-019,50550785-01,TOP ASSY ERCP SCOPE,Rec Up 130,5.035,9.04,PASS,gallarb
26575879-019,50550785-01,TOP ASSY ERCP SCOPE,Rec Up 70,3.85,5.34,PASS,gallarb
26575879-020,50550785-01,TOP ASSY ERCP SCOPE,Rec Down 70,3.455,5.34,PASS,chavj11
26575879-020,50550785-01,TOP ASSY ERCP SCOPE,Rec Down 95,4.71,9.04,PASS,chavj11
26575879-020,50550785-01,TOP ASSY ERCP SCOPE,Rec Elevator Lever Close,1.195,5.34,PASS,chavj11
26575879-020,50550785-01,TOP ASSY ERCP SCOPE,Rec Elevator Lever Open,0.77,5.34,PASS,chavj11
26575879-020,50550785-01,TOP ASSY ERCP SCOPE,Rec Left 90,4.51,9.04,PASS,chavj11
26575879-020,50550785-01,TOP ASSY ERCP SCOPE,Rec L/R Lock Force,3.345,8.34,PASS,chavj11
26575879-020,50550785-01,TOP ASSY ERCP SCOPE,Rec Right 125,6.295,9.04,PASS,chavj11
26575879-020,50550785-01,TOP ASSY ERCP SCOPE,Rec U/D Lock Force,5.015,5.34,PASS,chavj11
26575879-020,50550785-01,TOP ASSY ERCP SCOPE,Rec Up 130,4.565,9.04,PASS,chavj11
26575879-020,50550785-01,TOP ASSY ERCP SCOPE,Rec Up 70,3.46,5.34,PASS,chavj11
26575879-021,50550785-01,TOP ASSY ERCP SCOPE,Rec Down 70,4.37,5.34,PASS,gallarb
26575879-021,50550785-01,TOP ASSY ERCP SCOPE,Rec Down 95,7.275,9.04,PASS,gallarb
26575879-021,50550785-01,TOP ASSY ERCP SCOPE,Rec Elevator Lever Close,2.44,5.34,PASS,gallarb
26575879-021,50550785-01,TOP ASSY ERCP SCOPE,Rec Elevator Lever Open,0.715,5.34,PASS,gallarb
26575879-021,50550785-01,TOP ASSY ERCP SCOPE,Rec Left 90,5.825,9.04,PASS,gallarb
26575879-021,50550785-01,TOP ASSY ERCP SCOPE,Rec L/R Lock Force,2.845,8.34,PASS,gallarb
26575879-021,50550785-01,TOP ASSY ERCP SCOPE,Rec Right 125,8.2,9.04,PASS,gallarb
26575879-021,50550785-01,TOP ASSY ERCP SCOPE,Rec U/D Lock Force,4.235,5.34,PASS,gallarb
26575879-021,50550785-01,TOP ASSY ERCP SCOPE,Rec Up 130,5.37,9.04,PASS,gallarb
26575879-021,50550785-01,TOP ASSY ERCP SCOPE,Rec Up 70,3.735,5.34,PASS,gallarb
26575879-022,50550785-01,TOP ASSY ERCP SCOPE,Rec Down 70,3.36,5.34,PASS,avilaa1
26575879-022,50550785-01,TOP ASSY ERCP SCOPE,Rec Down 95,4.035,9.04,PASS,avilaa1
26575879-022,50550785-01,TOP ASSY ERCP SCOPE,Rec Elevator Lever Close,2.615,5.34,PASS,avilaa1
26575879-022,50550785-01,TOP ASSY ERCP SCOPE,Rec Elevator Lever Open,0.82,5.34,PASS,avilaa1
26575879-022,50550785-01,TOP ASSY ERCP SCOPE,Rec Left 90,5.025,9.04,PASS,avilaa1
26575879-022,50550785-01,TOP ASSY ERCP SCOPE,Rec L/R Lock Force,3.03,8.34,PASS,avilaa1
26575879-022,50550785-01,TOP ASSY ERCP SCOPE,Rec Right 125,6.975,9.04,PASS,avilaa1
26575879-022,50550785-01,TOP ASSY ERCP SCOPE,Rec U/D Lock Force,2.385,5.34,PASS,avilaa1
26575879-022,50550785-01,TOP ASSY ERCP SCOPE,Rec Up 130,4.91,9.04,PASS,avilaa1
26575879-022,50550785-01,TOP ASSY ERCP SCOPE,Rec Up 70,2.395,5.34,PASS,avilaa1
26575879-023,50550785-01,TOP ASSY ERCP SCOPE,Rec Down 70,3.455,5.34,PASS,chavj11
26575879-023,50550785-01,TOP ASSY ERCP SCOPE,Rec Down 95,4.845,9.04,PASS,chavj11
26575879-023,50550785-01,TOP ASSY ERCP SCOPE,Rec Elevator Lever Close,1.01,5.34,PASS,chavj11
26575879-023,50550785-01,TOP ASSY ERCP SCOPE,Rec Elevator Lever Open,0.84,5.34,PASS,chavj11
26575879-023,50550785-01,TOP ASSY ERCP SCOPE,Rec Left 90,6.615,9.04,PASS,chavj11
26575879-023,50550785-01,TOP ASSY ERCP SCOPE,Rec L/R Lock Force,7.6,8.34,PASS,chavj11
26575879-023,50550785-01,TOP ASSY ERCP SCOPE,Rec Right 125,8.78,9.04,PASS,chavj11
26575879-023,50550785-01,TOP ASSY ERCP SCOPE,Rec U/D Lock Force,4.98,5.34,PASS,chavj11
26575879-023,50550785-01,TOP ASSY ERCP SCOPE,Rec Up 130,5.53,9.04,PASS,chavj11
26575879-023,50550785-01,TOP ASSY ERCP SCOPE,Rec Up 70,3.455,5.34,PASS,chavj11
26575879-024,50550785-01,TOP ASSY ERCP SCOPE,Rec Down 70,3.12,5.34,PASS,chavj11
26575879-024,50550785-01,TOP ASSY ERCP SCOPE,Rec Down 95,4.275,9.04,PASS,chavj11
26575879-024,50550785-01,TOP ASSY ERCP SCOPE,Rec Elevator Lever Close,1.26,5.34,PASS,chavj11
26575879-024,50550785-01,TOP ASSY ERCP SCOPE,Rec Elevator Lever Open,1.09,5.34,PASS,chavj11
26575879-024,50550785-01,TOP ASSY ERCP SCOPE,Rec Left 90,5.67,9.04,PASS,chavj11
26575879-024,50550785-01,TOP ASSY ERCP SCOPE,Rec L/R Lock Force,6.44,8.34,PASS,chavj11
26575879-024,50550785-01,TOP ASSY ERCP SCOPE,Rec Right 125,8.12,9.04,PASS,chavj11
26575879-024,50550785-01,TOP ASSY ERCP SCOPE,Rec U/D Lock Force,4.14,5.34,PASS,chavj11
26575879-024,50550785-01,TOP ASSY ERCP SCOPE,Rec Up 130,5.245,9.04,PASS,chavj11
26575879-024,50550785-01,TOP ASSY ERCP SCOPE,Rec Up 70,2.125,5.34,PASS,chavj11
26575879-025,50550785-01,TOP ASSY ERCP SCOPE,Rec Down 70,4.905,5.34,PASS,gallarb
26575879-025,50550785-01,TOP ASSY ERCP SCOPE,Rec Down 95,6.54,9.04,PASS,gallarb
26575879-025,50550785-01,TOP ASSY ERCP SCOPE,Rec Elevator Lever Close,2.59,5.34,PASS,gallarb
26575879-025,50550785-01,TOP ASSY ERCP SCOPE,Rec Elevator Lever Open,0.465,5.34,PASS,gallarb
26575879-025,50550785-01,TOP ASSY ERCP SCOPE,Rec Left 90,6.025,9.04,PASS,gallarb
26575879-025,50550785-01,TOP ASSY ERCP SCOPE,Rec L/R Lock Force,3.855,8.34,PASS,gallarb
26575879-025,50550785-01,TOP ASSY ERCP SCOPE,Rec Right 125,8.83,9.04,PASS,gallarb
26575879-025,50550785-01,TOP ASSY ERCP SCOPE,Rec U/D Lock Force,4.17,5.34,PASS,gallarb
26575879-025,50550785-01,TOP ASSY ERCP SCOPE,Rec Up 130,5.11,9.04,PASS,gallarb
26575879-025,50550785-01,TOP ASSY ERCP SCOPE,Rec Up 70,2.765,5.34,PASS,gallarb
26575879-026,50550785-01,TOP ASSY ERCP SCOPE,Rec Down 70,3.455,5.34,PASS,chavj11
26575879-026,50550785-01,TOP ASSY ERCP SCOPE,Rec Down 95,4.76,9.04,PASS,chavj11
26575879-026,50550785-01,TOP ASSY ERCP SCOPE,Rec Elevator Lever Close,1.39,5.34,PASS,chavj11
26575879-026,50550785-01,TOP ASSY ERCP SCOPE,Rec Elevator Lever Open,0.55,5.34,PASS,chavj11
26575879-026,50550785-01,TOP ASSY ERCP SCOPE,Rec Left 90,5.55,9.04,PASS,chavj11
26575879-026,50550785-01,TOP ASSY ERCP SCOPE,Rec L/R Lock Force,6.455,8.34,PASS,chavj11
26575879-026,50550785-01,TOP ASSY ERCP SCOPE,Rec Right 125,8.235,9.04,PASS,chavj11
26575879-026,50550785-01,TOP ASSY ERCP SCOPE,Rec U/D Lock Force,4.78,5.34,PASS,chavj11
26575879-026,50550785-01,TOP ASSY ERCP SCOPE,Rec Up 130,4.555,9.04,PASS,chavj11
26575879-026,50550785-01,TOP ASSY ERCP SCOPE,Rec Up 70,3.56,5.34,PASS,chavj11
26575879-027,50550785-01,TOP ASSY ERCP SCOPE,Rec Down 70,4.45,5.34,PASS,chavj11
26575879-027,50550785-01,TOP ASSY ERCP SCOPE,Rec Down 95,5.9,9.04,PASS,chavj11
26575879-027,50550785-01,TOP ASSY ERCP SCOPE,Rec Elevator Lever Close,1.155,5.34,PASS,chavj11
26575879-027,50550785-01,TOP ASSY ERCP SCOPE,Rec Elevator Lever Open,0.545,5.34,PASS,chavj11
26575879-027,50550785-01,TOP ASSY ERCP SCOPE,Rec Left 90,5.67,9.04,PASS,chavj11
26575879-027,50550785-01,TOP ASSY ERCP SCOPE,Rec L/R Lock Force,3.335,8.34,PASS,chavj11
26575879-027,50550785-01,TOP ASSY ERCP SCOPE,Rec Right 125,7.345,9.04,PASS,chavj11
26575879-027,50550785-01,TOP ASSY ERCP SCOPE,Rec U/D Lock Force,4.965,5.34,PASS,chavj11
26575879-027,50550785-01,TOP ASSY ERCP SCOPE,Rec Up 130,6.555,9.04,PASS,chavj11
26575879-027,50550785-01,TOP ASSY ERCP SCOPE,Rec Up 70,5.105,5.34,PASS,chavj11
26575879-028,50550785-01,TOP ASSY ERCP SCOPE,Rec Down 70,3.45,5.34,PASS,chavj11
26575879-028,50550785-01,TOP ASSY ERCP SCOPE,Rec Down 95,5.08,9.04,PASS,chavj11
26575879-028,50550785-01,TOP ASSY ERCP SCOPE,Rec Elevator Lever Close,1.375,5.34,PASS,chavj11
26575879-028,50550785-01,TOP ASSY ERCP SCOPE,Rec Elevator Lever Open,1.04,5.34,PASS,chavj11
26575879-028,50550785-01,TOP ASSY ERCP SCOPE,Rec Left 90,6.4,9.04,PASS,chavj11
26575879-028,50550785-01,TOP ASSY ERCP SCOPE,Rec L/R Lock Force,3.56,8.34,PASS,chavj11
26575879-028,50550785-01,TOP ASSY ERCP SCOPE,Rec Right 125,9.02,9.04,PASS,chavj11
26575879-028,50550785-01,TOP ASSY ERCP SCOPE,Rec U/D Lock Force,4.105,5.34,PASS,chavj11
26575879-028,50550785-01,TOP ASSY ERCP SCOPE,Rec Up 130,5.145,9.04,PASS,chavj11
26575879-028,50550785-01,TOP ASSY ERCP SCOPE,Rec Up 70,2.73,5.34,PASS,chavj11
26575879-029,50550785-01,TOP ASSY ERCP SCOPE,Rec Down 70,3.56,5.34,PASS,chavj11
26575879-029,50550785-01,TOP ASSY ERCP SCOPE,Rec Down 95,4.565,9.04,PASS,chavj11
26575879-029,50550785-01,TOP ASSY ERCP SCOPE,Rec Elevator Lever Close,1.13,5.34,PASS,chavj11
26575879-029,50550785-01,TOP ASSY ERCP SCOPE,Rec Elevator Lever Open,0.47,5.34,PASS,chavj11
26575879-029,50550785-01,TOP ASSY ERCP SCOPE,Rec Left 90,6.02,9.04,PASS,chavj11
26575879-029,50550785-01,TOP ASSY ERCP SCOPE,Rec L/R Lock Force,4.13,8.34,PASS,chavj11
26575879-029,50550785-01,TOP ASSY ERCP SCOPE,Rec Right 125,7.355,9.04,PASS,chavj11
26575879-029,50550785-01,TOP ASSY ERCP SCOPE,Rec U/D Lock Force,3.955,5.34,PASS,chavj11
26575879-029,50550785-01,TOP ASSY ERCP SCOPE,Rec Up 130,6.285,9.04,PASS,chavj11
26575879-029,50550785-01,TOP ASSY ERCP SCOPE,Rec Up 70,4.325,5.34,PASS,chavj11
26575879-030,50550785-01,TOP ASSY ERCP SCOPE,Rec Down 70,4.12,5.34,PASS,chavj11
26575879-030,50550785-01,TOP ASSY ERCP SCOPE,Rec Down 95,5.025,9.04,PASS,chavj11
26575879-030,50550785-01,TOP ASSY ERCP SCOPE,Rec Elevator Lever Close,1.54,5.34,PASS,chavj11
26575879-030,50550785-01,TOP ASSY ERCP SCOPE,Rec Elevator Lever Open,0.46,5.34,PASS,chavj11
26575879-030,50550785-01,TOP ASSY ERCP SCOPE,Rec Left 90,5.165,9.04,PASS,chavj11
26575879-030,50550785-01,TOP ASSY ERCP SCOPE,Rec L/R Lock Force,4.155,8.34,PASS,chavj11
26575879-030,50550785-01,TOP ASSY ERCP SCOPE,Rec Right 125,5.41,9.04,PASS,chavj11
26575879-030,50550785-01,TOP ASSY ERCP SCOPE,Rec U/D Lock Force,4.715,5.34,PASS,chavj11
26575879-030,50550785-01,TOP ASSY ERCP SCOPE,Rec Up 130,4.09,9.04,PASS,chavj11
26575879-030,50550785-01,TOP ASSY ERCP SCOPE,Rec Up 70,2.345,5.34,PASS,chavj11
26575879-031,50550785-01,TOP ASSY ERCP SCOPE,Rec Down 70,2.815,5.34,PASS,avilaa1
26575879-031,50550785-01,TOP ASSY ERCP SCOPE,Rec Down 95,3.785,9.04,PASS,avilaa1
26575879-031,50550785-01,TOP ASSY ERCP SCOPE,Rec Elevator Lever Close,1.66,5.34,PASS,avilaa1
26575879-031,50550785-01,TOP ASSY ERCP SCOPE,Rec Elevator Lever Open,1.335,5.34,PASS,avilaa1
26575879-031,50550785-01,TOP ASSY ERCP SCOPE,Rec Left 90,6.31,9.04,PASS,avilaa1
26575879-031,50550785-01,TOP ASSY ERCP SCOPE,Rec L/R Lock Force,2.755,8.34,PASS,avilaa1
26575879-031,50550785-01,TOP ASSY ERCP SCOPE,Rec Right 125,7.93,9.04,PASS,avilaa1
26575879-031,50550785-01,TOP ASSY ERCP SCOPE,Rec U/D Lock Force,3.46,5.34,PASS,avilaa1
26575879-031,50550785-01,TOP ASSY ERCP SCOPE,Rec Up 130,4.785,9.04,PASS,avilaa1
26575879-031,50550785-01,TOP ASSY ERCP SCOPE,Rec Up 70,2.215,5.34,PASS,avilaa1
26575879-032,50550785-01,TOP ASSY ERCP SCOPE,Rec Down 70,4.405,5.34,PASS,gallarb
26575879-032,50550785-01,TOP ASSY ERCP SCOPE,Rec Down 95,7.005,9.04,PASS,gallarb
26575879-032,50550785-01,TOP ASSY ERCP SCOPE,Rec Elevator Lever Close,3.32,5.34,PASS,gallarb
26575879-032,50550785-01,TOP ASSY ERCP SCOPE,Rec Elevator Lever Open,0.74,5.34,PASS,gallarb
26575879-032,50550785-01,TOP ASSY ERCP SCOPE,Rec Left 90,7.91,9.04,PASS,gallarb
26575879-032,50550785-01,TOP ASSY ERCP SCOPE,Rec L/R Lock Force,4.07,8.34,PASS,gallarb
26575879-032,50550785-01,TOP ASSY ERCP SCOPE,Rec Right 125,7.775,9.04,PASS,gallarb
26575879-032,50550785-01,TOP ASSY ERCP SCOPE,Rec U/D Lock Force,5.185,5.34,PASS,gallarb
26575879-032,50550785-01,TOP ASSY ERCP SCOPE,Rec Up 130,5.965,9.04,PASS,gallarb
26575879-032,50550785-01,TOP ASSY ERCP SCOPE,Rec Up 70,3.08,5.34,PASS,gallarb
26575879-033,50550785-01,TOP ASSY ERCP SCOPE,Rec Down 70,4.01,5.34,PASS,avilaa1
26575879-033,50550785-01,TOP ASSY ERCP SCOPE,Rec Down 95,4.685,9.04,PASS,avilaa1
26575879-033,50550785-01,TOP ASSY ERCP SCOPE,Rec Elevator Lever Close,1.665,5.34,PASS,avilaa1
26575879-033,50550785-01,TOP ASSY ERCP SCOPE,Rec Elevator Lever Open,1.255,5.34,PASS,avilaa1
26575879-033,50550785-01,TOP ASSY ERCP SCOPE,Rec Left 90,6.885,9.04,PASS,avilaa1
26575879-033,50550785-01,TOP ASSY ERCP SCOPE,Rec L/R Lock Force,8.1,8.34,PASS,avilaa1
26575879-033,50550785-01,TOP ASSY ERCP SCOPE,Rec Right 125,8.575,9.04,PASS,avilaa1
26575879-033,50550785-01,TOP ASSY ERCP SCOPE,Rec U/D Lock Force,3.885,5.34,PASS,avilaa1
26575879-033,50550785-01,TOP ASSY ERCP SCOPE,Rec Up 130,4.825,9.04,PASS,avilaa1
26575879-033,50550785-01,TOP ASSY ERCP SCOPE,Rec Up 70,2.635,5.34,PASS,avilaa1
26575879-034,50550785-01,TOP ASSY ERCP SCOPE,Rec Down 70,3.56,5.34,PASS,chavj11
26575879-034,50550785-01,TOP ASSY ERCP SCOPE,Rec Down 95,6.205,9.04,PASS,chavj11
26575879-034,50550785-01,TOP ASSY ERCP SCOPE,Rec Elevator Lever Close,1.055,5.34,PASS,chavj11
26575879-034,50550785-01,TOP ASSY ERCP SCOPE,Rec Elevator Lever Open,0.48,5.34,PASS,chavj11
26575879-034,50550785-01,TOP ASSY ERCP SCOPE,Rec Left 90,5.885,9.04,PASS,chavj11
26575879-034,50550785-01,TOP ASSY ERCP SCOPE,Rec L/R Lock Force,4.975,8.34,PASS,chavj11
26575879-034,50550785-01,TOP ASSY ERCP SCOPE,Rec Right 125,7.81,9.04,PASS,chavj11
26575879-034,50550785-01,TOP ASSY ERCP SCOPE,Rec U/D Lock Force,3.8,5.34,PASS,chavj11
26575879-034,50550785-01,TOP ASSY ERCP SCOPE,Rec Up 130,5.14,9.04,PASS,chavj11
26575879-034,50550785-01,TOP ASSY ERCP SCOPE,Rec Up 70,3.455,5.34,PASS,chavj11
26575879-035,50550785-01,TOP ASSY ERCP SCOPE,Rec Down 70,4.375,5.34,PASS,gallarb
26575879-035,50550785-01,TOP ASSY ERCP SCOPE,Rec Down 95,5.375,9.04,PASS,gallarb
26575879-035,50550785-01,TOP ASSY ERCP SCOPE,Rec Elevator Lever Close,2.575,5.34,PASS,gallarb
26575879-035,50550785-01,TOP ASSY ERCP SCOPE,Rec Elevator Lever Open,0.42,5.34,PASS,gallarb
26575879-035,50550785-01,TOP ASSY ERCP SCOPE,Rec Left 90,5.64,9.04,PASS,gallarb
26575879-035,50550785-01,TOP ASSY ERCP SCOPE,Rec L/R Lock Force,4.205,8.34,PASS,gallarb
26575879-035,50550785-01,TOP ASSY ERCP SCOPE,Rec Right 125,7.235,9.04,PASS,gallarb
26575879-035,50550785-01,TOP ASSY ERCP SCOPE,Rec U/D Lock Force,2.825,5.34,PASS,gallarb
26575879-035,50550785-01,TOP ASSY ERCP SCOPE,Rec Up 130,5.325,9.04,PASS,gallarb
26575879-035,50550785-01,TOP ASSY ERCP SCOPE,Rec Up 70,2.67,5.34,PASS,gallarb
26575879-036,50550785-01,TOP ASSY ERCP SCOPE,Rec Down 70,2.91,5.34,PASS,chavj11
26575879-036,50550785-01,TOP ASSY ERCP SCOPE,Rec Down 95,3.42,9.04,PASS,chavj11
26575879-036,50550785-01,TOP ASSY ERCP SCOPE,Rec Elevator Lever Close,1.11,5.34,PASS,chavj11
26575879-036,50550785-01,TOP ASSY ERCP SCOPE,Rec Elevator Lever Open,0.98,5.34,PASS,chavj11
26575879-036,50550785-01,TOP ASSY ERCP SCOPE,Rec Left 90,4.225,9.04,PASS,chavj11
26575879-036,50550785-01,TOP ASSY ERCP SCOPE,Rec L/R Lock Force,3.615,8.34,PASS,chavj11
26575879-036,50550785-01,TOP ASSY ERCP SCOPE,Rec Right 125,7.4,9.04,PASS,chavj11
26575879-036,50550785-01,TOP ASSY ERCP SCOPE,Rec U/D Lock Force,5.185,5.34,PASS,chavj11
26575879-036,50550785-01,TOP ASSY ERCP SCOPE,Rec Up 130,5.19,9.04,PASS,chavj11
26575879-036,50550785-01,TOP ASSY ERCP SCOPE,Rec Up 70,3.45,5.34,PASS,chavj11
26575879-037,50550785-01,TOP ASSY ERCP SCOPE,Rec Down 70,2.545,5.34,PASS,chavj11
26575879-037,50550785-01,TOP ASSY ERCP SCOPE,Rec Down 95,3.495,9.04,PASS,chavj11
26575879-037,50550785-01,TOP ASSY ERCP SCOPE,Rec Elevator Lever Close,1.115,5.34,PASS,chavj11
26575879-037,50550785-01,TOP ASSY ERCP SCOPE,Rec Elevator Lever Open,0.55,5.34,PASS,chavj11
26575879-037,50550785-01,TOP ASSY ERCP SCOPE,Rec Left 90,4.64,9.04,PASS,chavj11
26575879-037,50550785-01,TOP ASSY ERCP SCOPE,Rec L/R Lock Force,5.955,8.34,PASS,chavj11
26575879-037,50550785-01,TOP ASSY ERCP SCOPE,Rec Right 125,5.67,9.04,PASS,chavj11
26575879-037,50550785-01,TOP ASSY ERCP SCOPE,Rec U/D Lock Force,3.96,5.34,PASS,chavj11
26575879-037,50550785-01,TOP ASSY ERCP SCOPE,Rec Up 130,6.23,9.04,PASS,chavj11
26575879-037,50550785-01,TOP ASSY ERCP SCOPE,Rec Up 70,3.56,5.34,PASS,chavj11
26575879-038,50550785-01,TOP ASSY ERCP SCOPE,Rec Down 70,4.34,5.34,PASS,gallarb
26575879-038,50550785-01,TOP ASSY ERCP SCOPE,Rec Down 95,6.11,9.04,PASS,gallarb
26575879-038,50550785-01,TOP ASSY ERCP SCOPE,Rec Elevator Lever Close,4.605,5.34,PASS,gallarb
26575879-038,50550785-01,TOP ASSY ERCP SCOPE,Rec Elevator Lever Open,0.555,5.34,PASS,gallarb
26575879-038,50550785-01,TOP ASSY ERCP SCOPE,Rec Left 90,6.565,9.04,PASS,gallarb
26575879-038,50550785-01,TOP ASSY ERCP SCOPE,Rec L/R Lock Force,5.26,8.34,PASS,gallarb
26575879-038,50550785-01,TOP ASSY ERCP SCOPE,Rec Right 125,5.535,9.04,PASS,gallarb
26575879-038,50550785-01,TOP ASSY ERCP SCOPE,Rec U/D Lock Force,4.34,5.34,PASS,gallarb
26575879-038,50550785-01,TOP ASSY ERCP SCOPE,Rec Up 130,4.99,9.04,PASS,gallarb
26575879-038,50550785-01,TOP ASSY ERCP SCOPE,Rec Up 70,2.485,5.34,PASS,gallarb
26575879-039,50550785-01,TOP ASSY ERCP SCOPE,Rec Down 70,4.565,5.34,PASS,avilaa1
26575879-039,50550785-01,TOP ASSY ERCP SCOPE,Rec Down 95,4.72,9.04,PASS,avilaa1
26575879-039,50550785-01,TOP ASSY ERCP SCOPE,Rec Elevator Lever Close,2.265,5.34,PASS,avilaa1
26575879-039,50550785-01,TOP ASSY ERCP SCOPE,Rec Elevator Lever Open,1.93,5.34,PASS,avilaa1
26575879-039,50550785-01,TOP ASSY ERCP SCOPE,Rec Left 90,6.655,9.04,PASS,avilaa1
26575879-039,50550785-01,TOP ASSY ERCP SCOPE,Rec L/R Lock Force,4.17,8.34,PASS,avilaa1
26575879-039,50550785-01,TOP ASSY ERCP SCOPE,Rec Right 125,7.69,9.04,PASS,avilaa1
26575879-039,50550785-01,TOP ASSY ERCP SCOPE,Rec U/D Lock Force,4.735,5.34,PASS,avilaa1
26575879-039,50550785-01,TOP ASSY ERCP SCOPE,Rec Up 130,6.73,9.04,PASS,avilaa1
26575879-039,50550785-01,TOP ASSY ERCP SCOPE,Rec Up 70,4.135,5.34,PASS,avilaa1
26575879-040,50550785-01,TOP ASSY ERCP SCOPE,Rec Down 70,4.085,5.34,PASS,gallarb
26575879-040,50550785-01,TOP ASSY ERCP SCOPE,Rec Down 95,6.64,9.04,PASS,gallarb
26575879-040,50550785-01,TOP ASSY ERCP SCOPE,Rec Elevator Lever Close,3.22,5.34,PASS,gallarb
26575879-040,50550785-01,TOP ASSY ERCP SCOPE,Rec Elevator Lever Open,0.57,5.34,PASS,gallarb
26575879-040,50550785-01,TOP ASSY ERCP SCOPE,Rec Left 90,6.835,9.04,PASS,gallarb
26575879-040,50550785-01,TOP ASSY ERCP SCOPE,Rec L/R Lock Force,7.57,8.34,PASS,gallarb
26575879-040,50550785-01,TOP ASSY ERCP SCOPE,Rec Right 125,8.16,9.04,PASS,gallarb
26575879-040,50550785-01,TOP ASSY ERCP SCOPE,Rec U/D Lock Force,3.435,5.34,PASS,gallarb
26575879-040,50550785-01,TOP ASSY ERCP SCOPE,Rec Up 130,5.44,9.04,PASS,gallarb
26575879-040,50550785-01,TOP ASSY ERCP SCOPE,Rec Up 70,3.76,5.34,PASS,gallarb
26575879-041,50550785-01,TOP ASSY ERCP SCOPE,Rec Down 70,3.335,5.34,PASS,chavj11
26575879-041,50550785-01,TOP ASSY ERCP SCOPE,Rec Down 95,6.89,9.04,PASS,chavj11
26575879-041,50550785-01,TOP ASSY ERCP SCOPE,Rec Elevator Lever Close,1.065,5.34,PASS,chavj11
26575879-041,50550785-01,TOP ASSY ERCP SCOPE,Rec Elevator Lever Open,1.45,5.34,PASS,chavj11
26575879-041,50550785-01,TOP ASSY ERCP SCOPE,Rec Left 90,5.87,9.04,PASS,chavj11
26575879-041,50550785-01,TOP ASSY ERCP SCOPE,Rec L/R Lock Force,8.005,8.34,PASS,chavj11
26575879-041,50550785-01,TOP ASSY ERCP SCOPE,Rec Right 125,7.89,9.04,PASS,chavj11
26575879-041,50550785-01,TOP ASSY ERCP SCOPE,Rec U/D Lock Force,5.28,5.34,PASS,chavj11
26575879-041,50550785-01,TOP ASSY ERCP SCOPE,Rec Up 130,7.14,9.04,PASS,chavj11
26575879-041,50550785-01,TOP ASSY ERCP SCOPE,Rec Up 70,4.56,5.34,PASS,chavj11
26575879-042,50550785-01,TOP ASSY ERCP SCOPE,Rec Down 70,4.135,5.34,PASS,gallarb
26575879-042,50550785-01,TOP ASSY ERCP SCOPE,Rec Down 95,5.69,9.04,PASS,gallarb
26575879-042,50550785-01,TOP ASSY ERCP SCOPE,Rec Elevator Lever Close,4.2,5.34,PASS,gallarb
26575879-042,50550785-01,TOP ASSY ERCP SCOPE,Rec Elevator Lever Open,0.525,5.34,PASS,gallarb
26575879-042,50550785-01,TOP ASSY ERCP SCOPE,Rec Left 90,6.76,9.04,PASS,gallarb
26575879-042,50550785-01,TOP ASSY ERCP SCOPE,Rec L/R Lock Force,2.94,8.34,PASS,gallarb
26575879-042,50550785-01,TOP ASSY ERCP SCOPE,Rec Right 125,7.63,9.04,PASS,gallarb
26575879-042,50550785-01,TOP ASSY ERCP SCOPE,Rec U/D Lock Force,2.875,5.34,PASS,gallarb
26575879-042,50550785-01,TOP ASSY ERCP SCOPE,Rec Up 130,5.035,9.04,PASS,gallarb
26575879-042,50550785-01,TOP ASSY ERCP SCOPE,Rec Up 70,2.225,5.34,PASS,gallarb
26575879-043,50550785-01,TOP ASSY ERCP SCOPE,Rec Down 70,3.09,5.34,PASS,gallarb
26575879-043,50550785-01,TOP ASSY ERCP SCOPE,Rec Down 95,5.16,9.04,PASS,gallarb
26575879-043,50550785-01,TOP ASSY ERCP SCOPE,Rec Elevator Lever Close,2.765,5.34,PASS,gallarb
26575879-043,50550785-01,TOP ASSY ERCP SCOPE,Rec Elevator Lever Open,0.55,5.34,PASS,gallarb
26575879-043,50550785-01,TOP ASSY ERCP SCOPE,Rec Left 90,7.98,9.04,PASS,gallarb
26575879-043,50550785-01,TOP ASSY ERCP SCOPE,Rec L/R Lock Force,4.195,8.34,PASS,gallarb
26575879-043,50550785-01,TOP ASSY ERCP SCOPE,Rec Right 125,5.865,9.04,PASS,gallarb
26575879-043,50550785-01,TOP ASSY ERCP SCOPE,Rec U/D Lock Force,4.48,5.34,PASS,gallarb
26575879-043,50550785-01,TOP ASSY ERCP SCOPE,Rec Up 130,5.475,9.04,PASS,gallarb
26575879-043,50550785-01,TOP ASSY ERCP SCOPE,Rec Up 70,3.34,5.34,PASS,gallarb
26575879-044,50550785-01,TOP ASSY ERCP SCOPE,Rec Down 70,3.465,5.34,PASS,chavj11
26575879-044,50550785-01,TOP ASSY ERCP SCOPE,Rec Down 95,5.67,9.04,PASS,chavj11
26575879-044,50550785-01,TOP ASSY ERCP SCOPE,Rec Elevator Lever Close,1.225,5.34,PASS,chavj11
26575879-044,50550785-01,TOP ASSY ERCP SCOPE,Rec Elevator Lever Open,0.515,5.34,PASS,chavj11
26575879-044,50550785-01,TOP ASSY ERCP SCOPE,Rec Left 90,5.48,9.04,PASS,chavj11
26575879-044,50550785-01,TOP ASSY ERCP SCOPE,Rec L/R Lock Force,5.975,8.34,PASS,chavj11
26575879-044,50550785-01,TOP ASSY ERCP SCOPE,Rec Right 125,7.885,9.04,PASS,chavj11
26575879-044,50550785-01,TOP ASSY ERCP SCOPE,Rec U/D Lock Force,4.2,5.34,PASS,chavj11
26575879-044,50550785-01,TOP ASSY ERCP SCOPE,Rec Up 130,5.77,9.04,PASS,chavj11
26575879-044,50550785-01,TOP ASSY ERCP SCOPE,Rec Up 70,4.555,5.34,PASS,chavj11
26575879-045,50550785-01,TOP ASSY ERCP SCOPE,Rec Down 70,3.34,5.34,PASS,chavj11
26575879-045,50550785-01,TOP ASSY ERCP SCOPE,Rec Down 95,4.14,9.04,PASS,chavj11
26575879-045,50550785-01,TOP ASSY ERCP SCOPE,Rec Elevator Lever Close,1.02,5.34,PASS,chavj11
26575879-045,50550785-01,TOP ASSY ERCP SCOPE,Rec Elevator Lever Open,0.72,5.34,PASS,chavj11
26575879-045,50550785-01,TOP ASSY ERCP SCOPE,Rec Left 90,4.61,9.04,PASS,chavj11
26575879-045,50550785-01,TOP ASSY ERCP SCOPE,Rec L/R Lock Force,5.49,8.34,PASS,chavj11
26575879-045,50550785-01,TOP ASSY ERCP SCOPE,Rec Right 125,6.755,9.04,PASS,chavj11
26575879-045,50550785-01,TOP ASSY ERCP SCOPE,Rec U/D Lock Force,5.24,5.34,PASS,chavj11
26575879-045,50550785-01,TOP ASSY ERCP SCOPE,Rec Up 130,5.99,9.04,PASS,chavj11
26575879-045,50550785-01,TOP ASSY ERCP SCOPE,Rec Up 70,5.005,5.34,PASS,chavj11
26575879-046,50550785-01,TOP ASSY ERCP SCOPE,Rec Down 70,3.51,5.34,PASS,chavj11
26575879-046,50550785-01,TOP ASSY ERCP SCOPE,Rec Down 95,5.675,9.04,PASS,chavj11
26575879-046,50550785-01,TOP ASSY ERCP SCOPE,Rec Elevator Lever Close,0.93,5.34,PASS,chavj11
26575879-046,50550785-01,TOP ASSY ERCP SCOPE,Rec Elevator Lever Open,0.75,5.34,PASS,chavj11
26575879-046,50550785-01,TOP ASSY ERCP SCOPE,Rec Left 90,5.585,9.04,PASS,chavj11
26575879-046,50550785-01,TOP ASSY ERCP SCOPE,Rec L/R Lock Force,7.99,8.34,PASS,chavj11
26575879-046,50550785-01,TOP ASSY ERCP SCOPE,Rec Right 125,7.405,9.04,PASS,chavj11
26575879-046,50550785-01,TOP ASSY ERCP SCOPE,Rec U/D Lock Force,4.255,5.34,PASS,chavj11
26575879-046,50550785-01,TOP ASSY ERCP SCOPE,Rec Up 130,5.03,9.04,PASS,chavj11
26575879-046,50550785-01,TOP ASSY ERCP SCOPE,Rec Up 70,2.09,5.34,PASS,chavj11
26575879-047,50550785-01,TOP ASSY ERCP SCOPE,Rec Down 70,4.46,5.34,PASS,gallarb
26575879-047,50550785-01,TOP ASSY ERCP SCOPE,Rec Down 95,7.14,9.04,PASS,gallarb
26575879-047,50550785-01,TOP ASSY ERCP SCOPE,Rec Elevator Lever Close,2.515,5.34,PASS,gallarb
26575879-047,50550785-01,TOP ASSY ERCP SCOPE,Rec Elevator Lever Open,0.75,5.34,PASS,gallarb
26575879-047,50550785-01,TOP ASSY ERCP SCOPE,Rec Left 90,7.3,9.04,PASS,gallarb
26575879-047,50550785-01,TOP ASSY ERCP SCOPE,Rec L/R Lock Force,6.175,8.34,PASS,gallarb
26575879-047,50550785-01,TOP ASSY ERCP SCOPE,Rec Right 125,7.59,9.04,PASS,gallarb
26575879-047,50550785-01,TOP ASSY ERCP SCOPE,Rec U/D Lock Force,3.835,5.34,PASS,gallarb
26575879-047,50550785-01,TOP ASSY ERCP SCOPE,Rec Up 130,4.805,9.04,PASS,gallarb
26575879-047,50550785-01,TOP ASSY ERCP SCOPE,Rec Up 70,3.275,5.34,PASS,gallarb
26575879-048,50550785-01,TOP ASSY ERCP SCOPE,Rec Down 70,2.88,5.34,PASS,chavj11
26575879-048,50550785-01,TOP ASSY ERCP SCOPE,Rec Down 95,5.68,9.04,PASS,chavj11
26575879-048,50550785-01,TOP ASSY ERCP SCOPE,Rec Elevator Lever Close,1.175,5.34,PASS,chavj11
26575879-048,50550785-01,TOP ASSY ERCP SCOPE,Rec Elevator Lever Open,0.52,5.34,PASS,chavj11
26575879-048,50550785-01,TOP ASSY ERCP SCOPE,Rec Left 90,3.4,9.04,PASS,chavj11
26575879-048,50550785-01,TOP ASSY ERCP SCOPE,Rec L/R Lock Force,3.525,8.34,PASS,chavj11
26575879-048,50550785-01,TOP ASSY ERCP SCOPE,Rec Right 125,7.8,9.04,PASS,chavj11
26575879-048,50550785-01,TOP ASSY ERCP SCOPE,Rec U/D Lock Force,4.975,5.34,PASS,chavj11
26575879-048,50550785-01,TOP ASSY ERCP SCOPE,Rec Up 130,4.545,9.04,PASS,chavj11
26575879-048,50550785-01,TOP ASSY ERCP SCOPE,Rec Up 70,3.3,5.34,PASS,chavj11
26575879-049,50550785-01,TOP ASSY ERCP SCOPE,Rec Down 70,3.565,5.34,PASS,chavj11
26575879-049,50550785-01,TOP ASSY ERCP SCOPE,Rec Down 95,4.685,9.04,PASS,chavj11
26575879-049,50550785-01,TOP ASSY ERCP SCOPE,Rec Elevator Lever Close,1.45,5.34,PASS,chavj11
26575879-049,50550785-01,TOP ASSY ERCP SCOPE,Rec Elevator Lever Open,1.055,5.34,PASS,chavj11
26575879-049,50550785-01,TOP ASSY ERCP SCOPE,Rec Left 90,6.085,9.04,PASS,chavj11
26575879-049,50550785-01,TOP ASSY ERCP SCOPE,Rec L/R Lock Force,4.61,8.34,PASS,chavj11
26575879-049,50550785-01,TOP ASSY ERCP SCOPE,Rec Right 125,7.445,9.04,PASS,chavj11
26575879-049,50550785-01,TOP ASSY ERCP SCOPE,Rec U/D Lock Force,5.285,5.34,PASS,chavj11
26575879-049,50550785-01,TOP ASSY ERCP SCOPE,Rec Up 130,4.56,9.04,PASS,chavj11
26575879-049,50550785-01,TOP ASSY ERCP SCOPE,Rec Up 70,2.655,5.34,PASS,chavj11
26575879-051,50550785-01,TOP ASSY ERCP SCOPE,Rec Down 70,3.975,5.34,PASS,avilaa1
26575879-051,50550785-01,TOP ASSY ERCP SCOPE,Rec Down 95,4.715,9.04,PASS,avilaa1
26575879-051,50550785-01,TOP ASSY ERCP SCOPE,Rec Elevator Lever Close,1.835,5.34,PASS,avilaa1
26575879-051,50550785-01,TOP ASSY ERCP SCOPE,Rec Elevator Lever Open,1.51,5.34,PASS,avilaa1
26575879-051,50550785-01,TOP ASSY ERCP SCOPE,Rec Left 90,4.27,9.04,PASS,avilaa1
26575879-051,50550785-01,TOP ASSY ERCP SCOPE,Rec L/R Lock Force,4.085,8.34,PASS,avilaa1
26575879-051,50550785-01,TOP ASSY ERCP SCOPE,Rec Right 125,8.075,9.04,PASS,avilaa1
26575879-051,50550785-01,TOP ASSY ERCP SCOPE,Rec U/D Lock Force,3.295,5.34,PASS,avilaa1
26575879-051,50550785-01,TOP ASSY ERCP SCOPE,Rec Up 130,5.185,9.04,PASS,avilaa1
26575879-051,50550785-01,TOP ASSY ERCP SCOPE,Rec Up 70,3.475,5.34,PASS,avilaa1
26575879-052,50550785-01,TOP ASSY ERCP SCOPE,Rec Down 70,4.23,5.34,PASS,gallarb
26575879-052,50550785-01,TOP ASSY ERCP SCOPE,Rec Down 95,4.695,9.04,PASS,gallarb
26575879-052,50550785-01,TOP ASSY ERCP SCOPE,Rec Elevator Lever Close,3.215,5.34,PASS,gallarb
26575879-052,50550785-01,TOP ASSY ERCP SCOPE,Rec Elevator Lever Open,0.855,5.34,PASS,gallarb
26575879-052,50550785-01,TOP ASSY ERCP SCOPE,Rec Left 90,5.6,9.04,PASS,gallarb
26575879-052,50550785-01,TOP ASSY ERCP SCOPE,Rec L/R Lock Force,3.78,8.34,PASS,gallarb
26575879-052,50550785-01,TOP ASSY ERCP SCOPE,Rec Right 125,7.165,9.04,PASS,gallarb
26575879-052,50550785-01,TOP ASSY ERCP SCOPE,Rec U/D Lock Force,3.765,5.34,PASS,gallarb
26575879-052,50550785-01,TOP ASSY ERCP SCOPE,Rec Up 130,5.965,9.04,PASS,gallarb
26575879-052,50550785-01,TOP ASSY ERCP SCOPE,Rec Up 70,4.31,5.34,PASS,gallarb
26575879-053,50550785-01,TOP ASSY ERCP SCOPE,Rec Down 70,3.455,5.34,PASS,chavj11
26575879-053,50550785-01,TOP ASSY ERCP SCOPE,Rec Down 95,5.36,9.04,PASS,chavj11
26575879-053,50550785-01,TOP ASSY ERCP SCOPE,Rec Elevator Lever Close,1.45,5.34,PASS,chavj11
26575879-053,50550785-01,TOP ASSY ERCP SCOPE,Rec Elevator Lever Open,0.69,5.34,PASS,chavj11
26575879-053,50550785-01,TOP ASSY ERCP SCOPE,Rec Left 90,4.51,9.04,PASS,chavj11
26575879-053,50550785-01,TOP ASSY ERCP SCOPE,Rec L/R Lock Force,4.495,8.34,PASS,chavj11
26575879-053,50550785-01,TOP ASSY ERCP SCOPE,Rec Right 125,6.24,9.04,PASS,chavj11
26575879-053,50550785-01,TOP ASSY ERCP SCOPE,Rec U/D Lock Force,4.705,5.34,PASS,chavj11
26575879-053,50550785-01,TOP ASSY ERCP SCOPE,Rec Up 130,4.56,9.04,PASS,chavj11
26575879-053,50550785-01,TOP ASSY ERCP SCOPE,Rec Up 70,2.99,5.34,PASS,chavj11
26575879-054,50550785-01,TOP ASSY ERCP SCOPE,Rec Down 70,2.14,5.34,PASS,chavj11
26575879-054,50550785-01,TOP ASSY ERCP SCOPE,Rec Down 95,4.12,9.04,PASS,chavj11
26575879-054,50550785-01,TOP ASSY ERCP SCOPE,Rec Elevator Lever Close,1.05,5.34,PASS,chavj11
26575879-054,50550785-01,TOP ASSY ERCP SCOPE,Rec Elevator Lever Open,0.46,5.34,PASS,chavj11
26575879-054,50550785-01,TOP ASSY ERCP SCOPE,Rec Left 90,5.505,9.04,PASS,chavj11
26575879-054,50550785-01,TOP ASSY ERCP SCOPE,Rec L/R Lock Force,7.84,8.34,PASS,chavj11
26575879-054,50550785-01,TOP ASSY ERCP SCOPE,Rec Right 125,7.225,9.04,PASS,chavj11
26575879-054,50550785-01,TOP ASSY ERCP SCOPE,Rec U/D Lock Force,3.89,5.34,PASS,chavj11
26575879-054,50550785-01,TOP ASSY ERCP SCOPE,Rec Up 130,4.96,9.04,PASS,chavj11
26575879-054,50550785-01,TOP ASSY ERCP SCOPE,Rec Up 70,2.765,5.34,PASS,chavj11
26575879-055,50550785-01,TOP ASSY ERCP SCOPE,Rec Down 70,3.76,5.34,PASS,chavj11
26575879-055,50550785-01,TOP ASSY ERCP SCOPE,Rec Down 95,5.67,9.04,PASS,chavj11
26575879-055,50550785-01,TOP ASSY ERCP SCOPE,Rec Elevator Lever Close,0.715,5.34,PASS,chavj11
26575879-055,50550785-01,TOP ASSY ERCP SCOPE,Rec Elevator Lever Open,0.54,5.34,PASS,chavj11
26575879-055,50550785-01,TOP ASSY ERCP SCOPE,Rec Left 90,4.835,9.04,PASS,chavj11
26575879-055,50550785-01,TOP ASSY ERCP SCOPE,Rec L/R Lock Force,5.67,8.34,PASS,chavj11
26575879-055,50550785-01,TOP ASSY ERCP SCOPE,Rec Right 125,6.37,9.04,PASS,chavj11
26575879-055,50550785-01,TOP ASSY ERCP SCOPE,Rec U/D Lock Force,3.78,5.34,PASS,chavj11
26575879-055,50550785-01,TOP ASSY ERCP SCOPE,Rec Up 130,5.65,9.04,PASS,chavj11
26575879-055,50550785-01,TOP ASSY ERCP SCOPE,Rec Up 70,3.66,5.34,PASS,chavj11
26575879-056,50550785-01,TOP ASSY ERCP SCOPE,Rec Down 70,2.345,5.34,PASS,chavj11
26575879-056,50550785-01,TOP ASSY ERCP SCOPE,Rec Down 95,3.565,9.04,PASS,chavj11
26575879-056,50550785-01,TOP ASSY ERCP SCOPE,Rec Elevator Lever Close,1.275,5.34,PASS,chavj11
26575879-056,50550785-01,TOP ASSY ERCP SCOPE,Rec Elevator Lever Open,0.98,5.34,PASS,chavj11
26575879-056,50550785-01,TOP ASSY ERCP SCOPE,Rec Left 90,4.61,9.04,PASS,chavj11
26575879-056,50550785-01,TOP ASSY ERCP SCOPE,Rec L/R Lock Force,4.67,8.34,PASS,chavj11
26575879-056,50550785-01,TOP ASSY ERCP SCOPE,Rec Right 125,6.78,9.04,PASS,chavj11
26575879-056,50550785-01,TOP ASSY ERCP SCOPE,Rec U/D Lock Force,4.215,5.34,PASS,chavj11
26575879-056,50550785-01,TOP ASSY ERCP SCOPE,Rec Up 130,6.755,9.04,PASS,chavj11
26575879-056,50550785-01,TOP ASSY ERCP SCOPE,Rec Up 70,4.56,5.34,PASS,chavj11
26575879-057,50550785-01,TOP ASSY ERCP SCOPE,Rec Down 70,4.685,5.34,PASS,chavj11
26575879-057,50550785-01,TOP ASSY ERCP SCOPE,Rec Down 95,5.355,9.04,PASS,chavj11
26575879-057,50550785-01,TOP ASSY ERCP SCOPE,Rec Elevator Lever Close,1.225,5.34,PASS,chavj11
26575879-057,50550785-01,TOP ASSY ERCP SCOPE,Rec Elevator Lever Open,0.51,5.34,PASS,chavj11
26575879-057,50550785-01,TOP ASSY ERCP SCOPE,Rec Left 90,4.48,9.04,PASS,chavj11
26575879-057,50550785-01,TOP ASSY ERCP SCOPE,Rec L/R Lock Force,3.45,8.34,PASS,chavj11
26575879-057,50550785-01,TOP ASSY ERCP SCOPE,Rec Right 125,8.755,9.04,PASS,chavj11
26575879-057,50550785-01,TOP ASSY ERCP SCOPE,Rec U/D Lock Force,4.445,5.34,PASS,chavj11
26575879-057,50550785-01,TOP ASSY ERCP SCOPE,Rec Up 130,5.69,9.04,PASS,chavj11
26575879-057,50550785-01,TOP ASSY ERCP SCOPE,Rec Up 70,2.74,5.34,PASS,chavj11
26575879-058,50550785-01,TOP ASSY ERCP SCOPE,Rec Down 70,4.34,5.34,PASS,gallarb
26575879-058,50550785-01,TOP ASSY ERCP SCOPE,Rec Down 95,8.865,9.04,PASS,gallarb
26575879-058,50550785-01,TOP ASSY ERCP SCOPE,Rec Elevator Lever Close,2.545,5.34,PASS,gallarb
26575879-058,50550785-01,TOP ASSY ERCP SCOPE,Rec Elevator Lever Open,0.42,5.34,PASS,gallarb
26575879-058,50550785-01,TOP ASSY ERCP SCOPE,Rec Left 90,5.795,9.04,PASS,gallarb
26575879-058,50550785-01,TOP ASSY ERCP SCOPE,Rec L/R Lock Force,4,8.34,PASS,gallarb
26575879-058,50550785-01,TOP ASSY ERCP SCOPE,Rec Right 125,7.545,9.04,PASS,gallarb
26575879-058,50550785-01,TOP ASSY ERCP SCOPE,Rec U/D Lock Force,4.55,5.34,PASS,gallarb
26575879-058,50550785-01,TOP ASSY ERCP SCOPE,Rec Up 130,5.095,9.04,PASS,gallarb
26575879-058,50550785-01,TOP ASSY ERCP SCOPE,Rec Up 70,3.56,5.34,PASS,gallarb
26575879-059,50550785-01,TOP ASSY ERCP SCOPE,Rec Down 70,2.9,5.34,PASS,chavj11
26575879-059,50550785-01,TOP ASSY ERCP SCOPE,Rec Down 95,3.58,9.04,PASS,chavj11
26575879-059,50550785-01,TOP ASSY ERCP SCOPE,Rec Elevator Lever Close,0.815,5.34,PASS,chavj11
26575879-059,50550785-01,TOP ASSY ERCP SCOPE,Rec Elevator Lever Open,0.72,5.34,PASS,chavj11
26575879-059,50550785-01,TOP ASSY ERCP SCOPE,Rec Left 90,6.135,9.04,PASS,chavj11
26575879-059,50550785-01,TOP ASSY ERCP SCOPE,Rec L/R Lock Force,3.41,8.34,PASS,chavj11
26575879-059,50550785-01,TOP ASSY ERCP SCOPE,Rec Right 125,8.99,9.04,PASS,chavj11
26575879-059,50550785-01,TOP ASSY ERCP SCOPE,Rec U/D Lock Force,4.56,5.34,PASS,chavj11
26575879-059,50550785-01,TOP ASSY ERCP SCOPE,Rec Up 130,5.06,9.04,PASS,chavj11
26575879-059,50550785-01,TOP ASSY ERCP SCOPE,Rec Up 70,3.27,5.34,PASS,chavj11
26575879-060,50550785-01,TOP ASSY ERCP SCOPE,Rec Down 70,4.55,5.34,PASS,chavj11
26575879-060,50550785-01,TOP ASSY ERCP SCOPE,Rec Down 95,5.43,9.04,PASS,chavj11
26575879-060,50550785-01,TOP ASSY ERCP SCOPE,Rec Elevator Lever Close,5.095,5.34,PASS,chavj11
26575879-060,50550785-01,TOP ASSY ERCP SCOPE,Rec Elevator Lever Open,0.915,5.34,PASS,chavj11
26575879-060,50550785-01,TOP ASSY ERCP SCOPE,Rec Left 90,6.035,9.04,PASS,chavj11
26575879-060,50550785-01,TOP ASSY ERCP SCOPE,Rec L/R Lock Force,3.38,8.34,PASS,chavj11
26575879-060,50550785-01,TOP ASSY ERCP SCOPE,Rec Right 125,8.645,9.04,PASS,chavj11
26575879-060,50550785-01,TOP ASSY ERCP SCOPE,Rec U/D Lock Force,4.575,5.34,PASS,chavj11
26575879-060,50550785-01,TOP ASSY ERCP SCOPE,Rec Up 130,5.255,9.04,PASS,chavj11
26575879-060,50550785-01,TOP ASSY ERCP SCOPE,Rec Up 70,3.345,5.34,PASS,chavj11
26575879-061,50550785-01,TOP ASSY ERCP SCOPE,Rec Down 70,3.705,5.34,PASS,gallarb
26575879-061,50550785-01,TOP ASSY ERCP SCOPE,Rec Down 95,4.445,9.04,PASS,gallarb
26575879-061,50550785-01,TOP ASSY ERCP SCOPE,Rec Elevator Lever Close,2.56,5.34,PASS,gallarb
26575879-061,50550785-01,TOP ASSY ERCP SCOPE,Rec Elevator Lever Open,0.96,5.34,PASS,gallarb
26575879-061,50550785-01,TOP ASSY ERCP SCOPE,Rec Left 90,5.37,9.04,PASS,gallarb
26575879-061,50550785-01,TOP ASSY ERCP SCOPE,Rec L/R Lock Force,15.52,8.34,FAIL,gallarb
26575879-061,50550785-01,TOP ASSY ERCP SCOPE,Rec Right 125,6.475,9.04,PASS,gallarb
26575879-061,50550785-01,TOP ASSY ERCP SCOPE,Rec U/D Lock Force,3.055,5.34,PASS,gallarb
26575879-061,50550785-01,TOP ASSY ERCP SCOPE,Rec Up 130,5.85,9.04,PASS,gallarb
26575879-061,50550785-01,TOP ASSY ERCP SCOPE,Rec Up 70,3.385,5.34,PASS,gallarb
26575879-062,50550785-01,TOP ASSY ERCP SCOPE,Rec Down 70,4.93,5.34,PASS,avilaa1
26575879-062,50550785-01,TOP ASSY ERCP SCOPE,Rec Down 95,5.845,9.04,PASS,avilaa1
26575879-062,50550785-01,TOP ASSY ERCP SCOPE,Rec Elevator Lever Close,1.845,5.34,PASS,avilaa1
26575879-062,50550785-01,TOP ASSY ERCP SCOPE,Rec Elevator Lever Open,1.2,5.34,PASS,avilaa1
26575879-062,50550785-01,TOP ASSY ERCP SCOPE,Rec Left 90,4.975,9.04,PASS,avilaa1
26575879-062,50550785-01,TOP ASSY ERCP SCOPE,Rec L/R Lock Force,5.68,8.34,PASS,avilaa1
26575879-062,50550785-01,TOP ASSY ERCP SCOPE,Rec Right 125,7.95,9.04,PASS,avilaa1
26575879-062,50550785-01,TOP ASSY ERCP SCOPE,Rec U/D Lock Force,3.3,5.34,PASS,avilaa1
26575879-062,50550785-01,TOP ASSY ERCP SCOPE,Rec Up 130,5.73,9.04,PASS,avilaa1
26575879-062,50550785-01,TOP ASSY ERCP SCOPE,Rec Up 70,3.485,5.34,PASS,avilaa1
26575879-063,50550785-01,TOP ASSY ERCP SCOPE,Rec Down 70,3.455,5.34,PASS,chavj11
26575879-063,50550785-01,TOP ASSY ERCP SCOPE,Rec Down 95,4.46,9.04,PASS,chavj11
26575879-063,50550785-01,TOP ASSY ERCP SCOPE,Rec Elevator Lever Close,0.955,5.34,PASS,chavj11
26575879-063,50550785-01,TOP ASSY ERCP SCOPE,Rec Elevator Lever Open,0.985,5.34,PASS,chavj11
26575879-063,50550785-01,TOP ASSY ERCP SCOPE,Rec Left 90,3.23,9.04,PASS,chavj11
26575879-063,50550785-01,TOP ASSY ERCP SCOPE,Rec L/R Lock Force,4.44,8.34,PASS,chavj11
26575879-063,50550785-01,TOP ASSY ERCP SCOPE,Rec Right 125,6.91,9.04,PASS,chavj11
26575879-063,50550785-01,TOP ASSY ERCP SCOPE,Rec U/D Lock Force,3.96,5.34,PASS,chavj11
26575879-063,50550785-01,TOP ASSY ERCP SCOPE,Rec Up 130,4.895,9.04,PASS,chavj11
26575879-063,50550785-01,TOP ASSY ERCP SCOPE,Rec Up 70,3.56,5.34,PASS,chavj11
26575879-064,50550785-01,TOP ASSY ERCP SCOPE,Rec Down 70,3.685,5.34,PASS,chavj11
26575879-064,50550785-01,TOP ASSY ERCP SCOPE,Rec Down 95,5.67,9.04,PASS,chavj11
26575879-064,50550785-01,TOP ASSY ERCP SCOPE,Rec Elevator Lever Close,1.005,5.34,PASS,chavj11
26575879-064,50550785-01,TOP ASSY ERCP SCOPE,Rec Elevator Lever Open,5.52,5.34,FAIL,chavj11
26575879-064,50550785-01,TOP ASSY ERCP SCOPE,Rec Left 90,7.31,9.04,PASS,chavj11
26575879-064,50550785-01,TOP ASSY ERCP SCOPE,Rec L/R Lock Force,9.225,8.34,FAIL,chavj11
26575879-064,50550785-01,TOP ASSY ERCP SCOPE,Rec Right 125,6.79,9.04,PASS,chavj11
26575879-064,50550785-01,TOP ASSY ERCP SCOPE,Rec U/D Lock Force,3.295,5.34,PASS,chavj11
26575879-064,50550785-01,TOP ASSY ERCP SCOPE,Rec Up 130,4.575,9.04,PASS,chavj11
26575879-064,50550785-01,TOP ASSY ERCP SCOPE,Rec Up 70,2.805,5.34,PASS,chavj11
26575879-065,50550785-01,TOP ASSY ERCP SCOPE,Rec Down 70,3.455,5.34,PASS,chavj11
26575879-065,50550785-01,TOP ASSY ERCP SCOPE,Rec Down 95,6.72,9.04,PASS,chavj11
26575879-065,50550785-01,TOP ASSY ERCP SCOPE,Rec Elevator Lever Close,1.43,5.34,PASS,chavj11
26575879-065,50550785-01,TOP ASSY ERCP SCOPE,Rec Elevator Lever Open,0.715,5.34,PASS,chavj11
26575879-065,50550785-01,TOP ASSY ERCP SCOPE,Rec Left 90,6.62,9.04,PASS,chavj11
26575879-065,50550785-01,TOP ASSY ERCP SCOPE,Rec L/R Lock Force,2.54,8.34,PASS,chavj11
26575879-065,50550785-01,TOP ASSY ERCP SCOPE,Rec Right 125,6.785,9.04,PASS,chavj11
26575879-065,50550785-01,TOP ASSY ERCP SCOPE,Rec U/D Lock Force,3.79,5.34,PASS,chavj11
26575879-065,50550785-01,TOP ASSY ERCP SCOPE,Rec Up 130,5.67,9.04,PASS,chavj11
26575879-065,50550785-01,TOP ASSY ERCP SCOPE,Rec Up 70,3.45,5.34,PASS,chavj11
26575879-066,50550785-01,TOP ASSY ERCP SCOPE,Rec Down 70,4.505,5.34,PASS,avilaa1
26575879-066,50550785-01,TOP ASSY ERCP SCOPE,Rec Down 95,5.58,9.04,PASS,avilaa1
26575879-066,50550785-01,TOP ASSY ERCP SCOPE,Rec Elevator Lever Close,1.515,5.34,PASS,avilaa1
26575879-066,50550785-01,TOP ASSY ERCP SCOPE,Rec Elevator Lever Open,1.62,5.34,PASS,avilaa1
26575879-066,50550785-01,TOP ASSY ERCP SCOPE,Rec Left 90,3.677,9.04,PASS,avilaa1
26575879-066,50550785-01,TOP ASSY ERCP SCOPE,Rec L/R Lock Force,6.77,8.34,PASS,avilaa1
26575879-066,50550785-01,TOP ASSY ERCP SCOPE,Rec Right 125,7.36,9.04,PASS,avilaa1
26575879-066,50550785-01,TOP ASSY ERCP SCOPE,Rec U/D Lock Force,4.555,5.34,PASS,avilaa1
26575879-066,50550785-01,TOP ASSY ERCP SCOPE,Rec Up 130,4.985,9.04,PASS,avilaa1
26575879-066,50550785-01,TOP ASSY ERCP SCOPE,Rec Up 70,3.17,5.34,PASS,avilaa1
26575879-067,50550785-01,TOP ASSY ERCP SCOPE,Rec Down 70,2.765,5.34,PASS,chavj11
26575879-067,50550785-01,TOP ASSY ERCP SCOPE,Rec Down 95,3.67,9.04,PASS,chavj11
26575879-067,50550785-01,TOP ASSY ERCP SCOPE,Rec Elevator Lever Close,1.52,5.34,PASS,chavj11
26575879-067,50550785-01,TOP ASSY ERCP SCOPE,Rec Elevator Lever Open,0.89,5.34,PASS,chavj11
26575879-067,50550785-01,TOP ASSY ERCP SCOPE,Rec Left 90,5.93,9.04,PASS,chavj11
26575879-067,50550785-01,TOP ASSY ERCP SCOPE,Rec L/R Lock Force,5.655,8.34,PASS,chavj11
26575879-067,50550785-01,TOP ASSY ERCP SCOPE,Rec Right 125,8.295,9.04,PASS,chavj11
26575879-067,50550785-01,TOP ASSY ERCP SCOPE,Rec U/D Lock Force,5.01,5.34,PASS,chavj11
26575879-067,50550785-01,TOP ASSY ERCP SCOPE,Rec Up 130,4.775,9.04,PASS,chavj11
26575879-067,50550785-01,TOP ASSY ERCP SCOPE,Rec Up 70,3.65,5.34,PASS,chavj11
26575879-068,50550785-01,TOP ASSY ERCP SCOPE,Rec Down 70,4.785,5.34,PASS,avilaa1
26575879-068,50550785-01,TOP ASSY ERCP SCOPE,Rec Down 95,5.26,9.04,PASS,avilaa1
26575879-068,50550785-01,TOP ASSY ERCP SCOPE,Rec Elevator Lever Close,1.48,5.34,PASS,avilaa1
26575879-068,50550785-01,TOP ASSY ERCP SCOPE,Rec Elevator Lever Open,0.805,5.34,PASS,avilaa1
26575879-068,50550785-01,TOP ASSY ERCP SCOPE,Rec Left 90,5.31,9.04,PASS,avilaa1
26575879-068,50550785-01,TOP ASSY ERCP SCOPE,Rec L/R Lock Force,2.615,8.34,PASS,avilaa1
26575879-068,50550785-01,TOP ASSY ERCP SCOPE,Rec Right 125,7.86,9.04,PASS,avilaa1
26575879-068,50550785-01,TOP ASSY ERCP SCOPE,Rec U/D Lock Force,3.685,5.34,PASS,avilaa1
26575879-068,50550785-01,TOP ASSY ERCP SCOPE,Rec Up 130,5.615,9.04,PASS,avilaa1
26575879-068,50550785-01,TOP ASSY ERCP SCOPE,Rec Up 70,3.49,5.34,PASS,avilaa1
26575879-069,50550785-01,TOP ASSY ERCP SCOPE,Rec Down 70,3.965,5.34,PASS,avilaa1
26575879-069,50550785-01,TOP ASSY ERCP SCOPE,Rec Down 95,7.675,9.04,PASS,avilaa1
26575879-069,50550785-01,TOP ASSY ERCP SCOPE,Rec Elevator Lever Close,2.14,5.34,PASS,avilaa1
26575879-069,50550785-01,TOP ASSY ERCP SCOPE,Rec Elevator Lever Open,1.015,5.34,PASS,avilaa1
26575879-069,50550785-01,TOP ASSY ERCP SCOPE,Rec Left 90,6.32,9.04,PASS,avilaa1
26575879-069,50550785-01,TOP ASSY ERCP SCOPE,Rec L/R Lock Force,4.295,8.34,PASS,avilaa1
26575879-069,50550785-01,TOP ASSY ERCP SCOPE,Rec Right 125,8.59,9.04,PASS,avilaa1
26575879-069,50550785-01,TOP ASSY ERCP SCOPE,Rec U/D Lock Force,2.45,5.34,PASS,avilaa1
26575879-069,50550785-01,TOP ASSY ERCP SCOPE,Rec Up 130,5.415,9.04,PASS,avilaa1
26575879-069,50550785-01,TOP ASSY ERCP SCOPE,Rec Up 70,3.155,5.34,PASS,avilaa1
26575879-070,50550785-01,TOP ASSY ERCP SCOPE,Rec Down 70,2.345,5.34,PASS,chavj11
26575879-070,50550785-01,TOP ASSY ERCP SCOPE,Rec Down 95,3.81,9.04,PASS,chavj11
26575879-070,50550785-01,TOP ASSY ERCP SCOPE,Rec Elevator Lever Close,1.05,5.34,PASS,chavj11
26575879-070,50550785-01,TOP ASSY ERCP SCOPE,Rec Elevator Lever Open,0.825,5.34,PASS,chavj11
26575879-070,50550785-01,TOP ASSY ERCP SCOPE,Rec Left 90,6.28,9.04,PASS,chavj11
26575879-070,50550785-01,TOP ASSY ERCP SCOPE,Rec L/R Lock Force,6.36,8.34,PASS,chavj11
26575879-070,50550785-01,TOP ASSY ERCP SCOPE,Rec Right 125,6.665,9.04,PASS,chavj11
26575879-070,50550785-01,TOP ASSY ERCP SCOPE,Rec U/D Lock Force,4.06,5.34,PASS,chavj11
26575879-070,50550785-01,TOP ASSY ERCP SCOPE,Rec Up 130,6.43,9.04,PASS,chavj11
26575879-070,50550785-01,TOP ASSY ERCP SCOPE,Rec Up 70,3.755,5.34,PASS,chavj11
26575879-071,50550785-01,TOP ASSY ERCP SCOPE,Rec Down 70,3.46,5.34,PASS,chavj11
26575879-071,50550785-01,TOP ASSY ERCP SCOPE,Rec Down 95,6.16,9.04,PASS,chavj11
26575879-071,50550785-01,TOP ASSY ERCP SCOPE,Rec Elevator Lever Close,1.035,5.34,PASS,chavj11
26575879-071,50550785-01,TOP ASSY ERCP SCOPE,Rec Elevator Lever Open,0.775,5.34,PASS,chavj11
26575879-071,50550785-01,TOP ASSY ERCP SCOPE,Rec Left 90,9.125,9.04,FAIL,chavj11
26575879-071,50550785-01,TOP ASSY ERCP SCOPE,Rec L/R Lock Force,8.635,8.34,FAIL,chavj11
26575879-071,50550785-01,TOP ASSY ERCP SCOPE,Rec Right 125,8.225,9.04,PASS,chavj11
26575879-071,50550785-01,TOP ASSY ERCP SCOPE,Rec U/D Lock Force,4.56,5.34,PASS,chavj11
26575879-071,50550785-01,TOP ASSY ERCP SCOPE,Rec Up 130,5.195,9.04,PASS,chavj11
26575879-071,50550785-01,TOP ASSY ERCP SCOPE,Rec Up 70,3.455,5.34,PASS,chavj11
26575879-072,50550785-01,TOP ASSY ERCP SCOPE,Rec Down 70,3.03,5.34,PASS,avilaa1
26575879-072,50550785-01,TOP ASSY ERCP SCOPE,Rec Down 95,4.195,9.04,PASS,avilaa1
26575879-072,50550785-01,TOP ASSY ERCP SCOPE,Rec Elevator Lever Close,1.33,5.34,PASS,avilaa1
26575879-072,50550785-01,TOP ASSY ERCP SCOPE,Rec Elevator Lever Open,1.29,5.34,PASS,avilaa1
26575879-072,50550785-01,TOP ASSY ERCP SCOPE,Rec Left 90,4.93,9.04,PASS,avilaa1
26575879-072,50550785-01,TOP ASSY ERCP SCOPE,Rec L/R Lock Force,4.495,8.34,PASS,avilaa1
26575879-072,50550785-01,TOP ASSY ERCP SCOPE,Rec Right 125,7.62,9.04,PASS,avilaa1
26575879-072,50550785-01,TOP ASSY ERCP SCOPE,Rec U/D Lock Force,2.87,5.34,PASS,avilaa1
26575879-072,50550785-01,TOP ASSY ERCP SCOPE,Rec Up 130,4.785,9.04,PASS,avilaa1
26575879-072,50550785-01,TOP ASSY ERCP SCOPE,Rec Up 70,2.375,5.34,PASS,avilaa1
26575879-073,50550785-01,TOP ASSY ERCP SCOPE,Rec Down 70,4.9,5.34,PASS,avilaa1
26575879-073,50550785-01,TOP ASSY ERCP SCOPE,Rec Down 95,7.03,9.04,PASS,avilaa1
26575879-073,50550785-01,TOP ASSY ERCP SCOPE,Rec Elevator Lever Close,1.96,5.34,PASS,avilaa1
26575879-073,50550785-01,TOP ASSY ERCP SCOPE,Rec Elevator Lever Open,0.77,5.34,PASS,avilaa1
26575879-073,50550785-01,TOP ASSY ERCP SCOPE,Rec Left 90,4.98,9.04,PASS,avilaa1
26575879-073,50550785-01,TOP ASSY ERCP SCOPE,Rec L/R Lock Force,4.73,8.34,PASS,avilaa1
26575879-073,50550785-01,TOP ASSY ERCP SCOPE,Rec Right 125,6.84,9.04,PASS,avilaa1
26575879-073,50550785-01,TOP ASSY ERCP SCOPE,Rec U/D Lock Force,3.425,5.34,PASS,avilaa1
26575879-073,50550785-01,TOP ASSY ERCP SCOPE,Rec Up 130,5.125,9.04,PASS,avilaa1
26575879-073,50550785-01,TOP ASSY ERCP SCOPE,Rec Up 70,3.21,5.34,PASS,avilaa1
26575879-074,50550785-01,TOP ASSY ERCP SCOPE,Rec Down 70,3.8,5.34,PASS,avilaa1
26575879-074,50550785-01,TOP ASSY ERCP SCOPE,Rec Down 95,7.155,9.04,PASS,avilaa1
26575879-074,50550785-01,TOP ASSY ERCP SCOPE,Rec Elevator Lever Close,1.455,5.34,PASS,avilaa1
26575879-074,50550785-01,TOP ASSY ERCP SCOPE,Rec Elevator Lever Open,4.675,5.34,PASS,avilaa1
26575879-074,50550785-01,TOP ASSY ERCP SCOPE,Rec Left 90,5.375,9.04,PASS,avilaa1
26575879-074,50550785-01,TOP ASSY ERCP SCOPE,Rec L/R Lock Force,3.355,8.34,PASS,avilaa1
26575879-074,50550785-01,TOP ASSY ERCP SCOPE,Rec Right 125,7.12,9.04,PASS,avilaa1
26575879-074,50550785-01,TOP ASSY ERCP SCOPE,Rec U/D Lock Force,3.405,5.34,PASS,avilaa1
26575879-074,50550785-01,TOP ASSY ERCP SCOPE,Rec Up 130,5.7,9.04,PASS,avilaa1
26575879-074,50550785-01,TOP ASSY ERCP SCOPE,Rec Up 70,4,5.34,PASS,avilaa1
26575879-075,50550785-01,TOP ASSY ERCP SCOPE,Rec Down 70,3.48,5.34,PASS,chavj11
26575879-075,50550785-01,TOP ASSY ERCP SCOPE,Rec Down 95,4.265,9.04,PASS,chavj11
26575879-075,50550785-01,TOP ASSY ERCP SCOPE,Rec Elevator Lever Close,0.9,5.34,PASS,chavj11
26575879-075,50550785-01,TOP ASSY ERCP SCOPE,Rec Elevator Lever Open,0.595,5.34,PASS,chavj11
26575879-075,50550785-01,TOP ASSY ERCP SCOPE,Rec Left 90,5.83,9.04,PASS,chavj11
26575879-075,50550785-01,TOP ASSY ERCP SCOPE,Rec L/R Lock Force,6.515,8.34,PASS,chavj11
26575879-075,50550785-01,TOP ASSY ERCP SCOPE,Rec Right 125,7.95,9.04,PASS,chavj11
26575879-075,50550785-01,TOP ASSY ERCP SCOPE,Rec U/D Lock Force,4.635,5.34,PASS,chavj11
26575879-075,50550785-01,TOP ASSY ERCP SCOPE,Rec Up 130,5.55,9.04,PASS,chavj11
26575879-075,50550785-01,TOP ASSY ERCP SCOPE,Rec Up 70,2.355,5.34,PASS,chavj11
26575879-076,50550785-01,TOP ASSY ERCP SCOPE,Rec Down 70,4.16,5.34,PASS,avilaa1
26575879-076,50550785-01,TOP ASSY ERCP SCOPE,Rec Down 95,6.98,9.04,PASS,avilaa1
26575879-076,50550785-01,TOP ASSY ERCP SCOPE,Rec Elevator Lever Close,2.7,5.34,PASS,avilaa1
26575879-076,50550785-01,TOP ASSY ERCP SCOPE,Rec Elevator Lever Open,0.78,5.34,PASS,avilaa1
26575879-076,50550785-01,TOP ASSY ERCP SCOPE,Rec Left 90,5.315,9.04,PASS,avilaa1
26575879-076,50550785-01,TOP ASSY ERCP SCOPE,Rec L/R Lock Force,3.585,8.34,PASS,avilaa1
26575879-076,50550785-01,TOP ASSY ERCP SCOPE,Rec Right 125,4.084,9.04,PASS,avilaa1
26575879-076,50550785-01,TOP ASSY ERCP SCOPE,Rec U/D Lock Force,3.515,5.34,PASS,avilaa1
26575879-076,50550785-01,TOP ASSY ERCP SCOPE,Rec Up 130,8.41,9.04,PASS,avilaa1
26575879-076,50550785-01,TOP ASSY ERCP SCOPE,Rec Up 70,3.46,5.34,PASS,avilaa1
26575879-077,50550785-01,TOP ASSY ERCP SCOPE,Rec Down 70,3.585,5.34,PASS,avilaa1
26575879-077,50550785-01,TOP ASSY ERCP SCOPE,Rec Down 95,7.945,9.04,PASS,avilaa1
26575879-077,50550785-01,TOP ASSY ERCP SCOPE,Rec Elevator Lever Close,1.995,5.34,PASS,avilaa1
26575879-077,50550785-01,TOP ASSY ERCP SCOPE,Rec Elevator Lever Open,0.535,5.34,PASS,avilaa1
26575879-077,50550785-01,TOP ASSY ERCP SCOPE,Rec Left 90,5.18,9.04,PASS,avilaa1
26575879-077,50550785-01,TOP ASSY ERCP SCOPE,Rec L/R Lock Force,4.91,8.34,PASS,avilaa1
26575879-077,50550785-01,TOP ASSY ERCP SCOPE,Rec Right 125,8.525,9.04,PASS,avilaa1
26575879-077,50550785-01,TOP ASSY ERCP SCOPE,Rec U/D Lock Force,2.525,5.34,PASS,avilaa1
26575879-077,50550785-01,TOP ASSY ERCP SCOPE,Rec Up 130,4.435,9.04,PASS,avilaa1
26575879-077,50550785-01,TOP ASSY ERCP SCOPE,Rec Up 70,2.525,5.34,PASS,avilaa1
26575879-079,50550785-01,TOP ASSY ERCP SCOPE,Rec Down 70,3.775,5.34,PASS,avilaa1
26575879-079,50550785-01,TOP ASSY ERCP SCOPE,Rec Down 95,7.55,9.04,PASS,avilaa1
26575879-079,50550785-01,TOP ASSY ERCP SCOPE,Rec Elevator Lever Close,1.94,5.34,PASS,avilaa1
26575879-079,50550785-01,TOP ASSY ERCP SCOPE,Rec Elevator Lever Open,0.85,5.34,PASS,avilaa1
26575879-079,50550785-01,TOP ASSY ERCP SCOPE,Rec Left 90,5.2,9.04,PASS,avilaa1
26575879-079,50550785-01,TOP ASSY ERCP SCOPE,Rec L/R Lock Force,2.775,8.34,PASS,avilaa1
26575879-079,50550785-01,TOP ASSY ERCP SCOPE,Rec Right 125,8.77,9.04,PASS,avilaa1
26575879-079,50550785-01,TOP ASSY ERCP SCOPE,Rec U/D Lock Force,3.385,5.34,PASS,avilaa1
26575879-079,50550785-01,TOP ASSY ERCP SCOPE,Rec Up 130,5.94,9.04,PASS,avilaa1
26575879-079,50550785-01,TOP ASSY ERCP SCOPE,Rec Up 70,4.245,5.34,PASS,avilaa1
26575879-080,50550785-01,TOP ASSY ERCP SCOPE,Rec Down 70,4.125,5.34,PASS,chavj11
26575879-080,50550785-01,TOP ASSY ERCP SCOPE,Rec Down 95,5.345,9.04,PASS,chavj11
26575879-080,50550785-01,TOP ASSY ERCP SCOPE,Rec Elevator Lever Close,1.075,5.34,PASS,chavj11
26575879-080,50550785-01,TOP ASSY ERCP SCOPE,Rec Elevator Lever Open,0.625,5.34,PASS,chavj11
26575879-080,50550785-01,TOP ASSY ERCP SCOPE,Rec Left 90,5.39,9.04,PASS,chavj11
26575879-080,50550785-01,TOP ASSY ERCP SCOPE,Rec L/R Lock Force,3.04,8.34,PASS,chavj11
26575879-080,50550785-01,TOP ASSY ERCP SCOPE,Rec Right 125,8.345,9.04,PASS,chavj11
26575879-080,50550785-01,TOP ASSY ERCP SCOPE,Rec U/D Lock Force,4.485,5.34,PASS,chavj11
26575879-080,50550785-01,TOP ASSY ERCP SCOPE,Rec Up 130,5.015,9.04,PASS,chavj11
26575879-080,50550785-01,TOP ASSY ERCP SCOPE,Rec Up 70,2.9,5.34,PASS,chavj11
26586150-001,50550785-01,TOP ASSY ERCP SCOPE,Rec Down 70,3.82,5.34,PASS,avilaa1
26586150-001,50550785-01,TOP ASSY ERCP SCOPE,Rec Down 95,8.28,9.04,PASS,avilaa1
26586150-001,50550785-01,TOP ASSY ERCP SCOPE,Rec Elevator Lever Close,0.93,5.34,PASS,avilaa1
26586150-001,50550785-01,TOP ASSY ERCP SCOPE,Rec Elevator Lever Open,0.935,5.34,PASS,avilaa1
26586150-001,50550785-01,TOP ASSY ERCP SCOPE,Rec Left 90,6.52,9.04,PASS,avilaa1
26586150-001,50550785-01,TOP ASSY ERCP SCOPE,Rec L/R Lock Force,3.665,8.34,PASS,avilaa1
26586150-001,50550785-01,TOP ASSY ERCP SCOPE,Rec Right 125,7.165,9.04,PASS,avilaa1
26586150-001,50550785-01,TOP ASSY ERCP SCOPE,Rec U/D Lock Force,3.26,5.34,PASS,avilaa1
26586150-001,50550785-01,TOP ASSY ERCP SCOPE,Rec Up 130,4.59,9.04,PASS,avilaa1
26586150-001,50550785-01,TOP ASSY ERCP SCOPE,Rec Up 70,2.605,5.34,PASS,avilaa1
26586150-002,50550785-01,TOP ASSY ERCP SCOPE,Rec Down 70,3.425,5.34,PASS,chavj11
26586150-002,50550785-01,TOP ASSY ERCP SCOPE,Rec Down 95,4.62,9.04,PASS,chavj11
26586150-002,50550785-01,TOP ASSY ERCP SCOPE,Rec Elevator Lever Close,1.1,5.34,PASS,chavj11
26586150-002,50550785-01,TOP ASSY ERCP SCOPE,Rec Elevator Lever Open,0.475,5.34,PASS,chavj11
26586150-002,50550785-01,TOP ASSY ERCP SCOPE,Rec Left 90,6.425,9.04,PASS,chavj11
26586150-002,50550785-01,TOP ASSY ERCP SCOPE,Rec L/R Lock Force,3.74,8.34,PASS,chavj11
26586150-002,50550785-01,TOP ASSY ERCP SCOPE,Rec Right 125,8.255,9.04,PASS,chavj11
26586150-002,50550785-01,TOP ASSY ERCP SCOPE,Rec U/D Lock Force,4.6,5.34,PASS,chavj11
26586150-002,50550785-01,TOP ASSY ERCP SCOPE,Rec Up 130,4.31,9.04,PASS,chavj11
26586150-002,50550785-01,TOP ASSY ERCP SCOPE,Rec Up 70,3.225,5.34,PASS,chavj11
26586150-003,50550785-01,TOP ASSY ERCP SCOPE,Rec Down 70,4.565,5.34,PASS,chavj11
26586150-003,50550785-01,TOP ASSY ERCP SCOPE,Rec Down 95,5.345,9.04,PASS,chavj11
26586150-003,50550785-01,TOP ASSY ERCP SCOPE,Rec Elevator Lever Close,1.435,5.34,PASS,chavj11
26586150-003,50550785-01,TOP ASSY ERCP SCOPE,Rec Elevator Lever Open,1.1,5.34,PASS,chavj11
26586150-003,50550785-01,TOP ASSY ERCP SCOPE,Rec Left 90,4.97,9.04,PASS,chavj11
26586150-003,50550785-01,TOP ASSY ERCP SCOPE,Rec L/R Lock Force,4.125,8.34,PASS,chavj11
26586150-003,50550785-01,TOP ASSY ERCP SCOPE,Rec Right 125,6.78,9.04,PASS,chavj11
26586150-003,50550785-01,TOP ASSY ERCP SCOPE,Rec U/D Lock Force,4.415,5.34,PASS,chavj11
26586150-003,50550785-01,TOP ASSY ERCP SCOPE,Rec Up 130,6.99,9.04,PASS,chavj11
26586150-003,50550785-01,TOP ASSY ERCP SCOPE,Rec Up 70,4.555,5.34,PASS,chavj11
26586150-004,50550785-01,TOP ASSY ERCP SCOPE,Rec Down 70,3.625,5.34,PASS,avilaa1
26586150-004,50550785-01,TOP ASSY ERCP SCOPE,Rec Down 95,4.58,9.04,PASS,avilaa1
26586150-004,50550785-01,TOP ASSY ERCP SCOPE,Rec Elevator Lever Close,0.92,5.34,PASS,avilaa1
26586150-004,50550785-01,TOP ASSY ERCP SCOPE,Rec Elevator Lever Open,0.715,5.34,PASS,avilaa1
26586150-004,50550785-01,TOP ASSY ERCP SCOPE,Rec Left 90,3.525,9.04,PASS,avilaa1
26586150-004,50550785-01,TOP ASSY ERCP SCOPE,Rec L/R Lock Force,4.165,8.34,PASS,avilaa1
26586150-004,50550785-01,TOP ASSY ERCP SCOPE,Rec Right 125,8.56,9.04,PASS,avilaa1
26586150-004,50550785-01,TOP ASSY ERCP SCOPE,Rec U/D Lock Force,3.3,5.34,PASS,avilaa1
26586150-004,50550785-01,TOP ASSY ERCP SCOPE,Rec Up 130,6.01,9.04,PASS,avilaa1
26586150-004,50550785-01,TOP ASSY ERCP SCOPE,Rec Up 70,3.01,5.34,PASS,avilaa1
26586150-005,50550785-01,TOP ASSY ERCP SCOPE,Rec Down 70,3.325,5.34,PASS,avilaa1
26586150-005,50550785-01,TOP ASSY ERCP SCOPE,Rec Down 95,3.985,9.04,PASS,avilaa1
26586150-005,50550785-01,TOP ASSY ERCP SCOPE,Rec Elevator Lever Close,2.56,5.34,PASS,avilaa1
26586150-005,50550785-01,TOP ASSY ERCP SCOPE,Rec Elevator Lever Open,0.955,5.34,PASS,avilaa1
26586150-005,50550785-01,TOP ASSY ERCP SCOPE,Rec Left 90,3.93,9.04,PASS,avilaa1
26586150-005,50550785-01,TOP ASSY ERCP SCOPE,Rec L/R Lock Force,3.285,8.34,PASS,avilaa1
26586150-005,50550785-01,TOP ASSY ERCP SCOPE,Rec Right 125,7.47,9.04,PASS,avilaa1
26586150-005,50550785-01,TOP ASSY ERCP SCOPE,Rec U/D Lock Force,4.825,5.34,PASS,avilaa1
26586150-005,50550785-01,TOP ASSY ERCP SCOPE,Rec Up 130,4.8,9.04,PASS,avilaa1
26586150-005,50550785-01,TOP ASSY ERCP SCOPE,Rec Up 70,2.285,5.34,PASS,avilaa1
26586150-006,50550785-01,TOP ASSY ERCP SCOPE,Rec Down 70,4.555,5.34,PASS,chavj11
26586150-006,50550785-01,TOP ASSY ERCP SCOPE,Rec Down 95,7.225,9.04,PASS,chavj11
26586150-006,50550785-01,TOP ASSY ERCP SCOPE,Rec Elevator Lever Close,1.13,5.34,PASS,chavj11
26586150-006,50550785-01,TOP ASSY ERCP SCOPE,Rec Elevator Lever Open,0.89,5.34,PASS,chavj11
26586150-006,50550785-01,TOP ASSY ERCP SCOPE,Rec Left 90,7.58,9.04,PASS,chavj11
26586150-006,50550785-01,TOP ASSY ERCP SCOPE,Rec L/R Lock Force,4.12,8.34,PASS,chavj11
26586150-006,50550785-01,TOP ASSY ERCP SCOPE,Rec Right 125,8.325,9.04,PASS,chavj11
26586150-006,50550785-01,TOP ASSY ERCP SCOPE,Rec U/D Lock Force,5.01,5.34,PASS,chavj11
26586150-006,50550785-01,TOP ASSY ERCP SCOPE,Rec Up 130,4.99,9.04,PASS,chavj11
26586150-006,50550785-01,TOP ASSY ERCP SCOPE,Rec Up 70,3.12,5.34,PASS,chavj11
26586150-007,50550785-01,TOP ASSY ERCP SCOPE,Rec Down 70,3.965,5.34,PASS,chavj11
26586150-007,50550785-01,TOP ASSY ERCP SCOPE,Rec Down 95,5.815,9.04,PASS,chavj11
26586150-007,50550785-01,TOP ASSY ERCP SCOPE,Rec Elevator Lever Close,1.06,5.34,PASS,chavj11
26586150-007,50550785-01,TOP ASSY ERCP SCOPE,Rec Elevator Lever Open,0.47,5.34,PASS,chavj11
26586150-007,50550785-01,TOP ASSY ERCP SCOPE,Rec Left 90,6.87,9.04,PASS,chavj11
26586150-007,50550785-01,TOP ASSY ERCP SCOPE,Rec L/R Lock Force,8.05,8.34,PASS,chavj11
26586150-007,50550785-01,TOP ASSY ERCP SCOPE,Rec Right 125,7.845,9.04,PASS,chavj11
26586150-007,50550785-01,TOP ASSY ERCP SCOPE,Rec U/D Lock Force,4.11,5.34,PASS,chavj11
26586150-007,50550785-01,TOP ASSY ERCP SCOPE,Rec Up 130,4.585,9.04,PASS,chavj11
26586150-007,50550785-01,TOP ASSY ERCP SCOPE,Rec Up 70,3.175,5.34,PASS,chavj11
26586150-008,50550785-01,TOP ASSY ERCP SCOPE,Rec Down 70,3.455,5.34,PASS,chavj11
26586150-008,50550785-01,TOP ASSY ERCP SCOPE,Rec Down 95,5.77,9.04,PASS,chavj11
26586150-008,50550785-01,TOP ASSY ERCP SCOPE,Rec Elevator Lever Close,0.775,5.34,PASS,chavj11
26586150-008,50550785-01,TOP ASSY ERCP SCOPE,Rec Elevator Lever Open,0.89,5.34,PASS,chavj11
26586150-008,50550785-01,TOP ASSY ERCP SCOPE,Rec Left 90,6.085,9.04,PASS,chavj11
26586150-008,50550785-01,TOP ASSY ERCP SCOPE,Rec L/R Lock Force,7.34,8.34,PASS,chavj11
26586150-008,50550785-01,TOP ASSY ERCP SCOPE,Rec Right 125,8.145,9.04,PASS,chavj11
26586150-008,50550785-01,TOP ASSY ERCP SCOPE,Rec U/D Lock Force,4.275,5.34,PASS,chavj11
26586150-008,50550785-01,TOP ASSY ERCP SCOPE,Rec Up 130,5.53,9.04,PASS,chavj11
26586150-008,50550785-01,TOP ASSY ERCP SCOPE,Rec Up 70,3.435,5.34,PASS,chavj11
26586150-009,50550785-01,TOP ASSY ERCP SCOPE,Rec Down 70,3.455,5.34,PASS,chavj11
26586150-009,50550785-01,TOP ASSY ERCP SCOPE,Rec Down 95,4.19,9.04,PASS,chavj11
26586150-009,50550785-01,TOP ASSY ERCP SCOPE,Rec Elevator Lever Close,1.05,5.34,PASS,chavj11
26586150-009,50550785-01,TOP ASSY ERCP SCOPE,Rec Elevator Lever Open,0.57,5.34,PASS,chavj11
26586150-009,50550785-01,TOP ASSY ERCP SCOPE,Rec Left 90,4.46,9.04,PASS,chavj11
26586150-009,50550785-01,TOP ASSY ERCP SCOPE,Rec L/R Lock Force,2.86,8.34,PASS,chavj11
26586150-009,50550785-01,TOP ASSY ERCP SCOPE,Rec Right 125,4.79,9.04,PASS,chavj11
26586150-009,50550785-01,TOP ASSY ERCP SCOPE,Rec U/D Lock Force,4.37,5.34,PASS,chavj11
26586150-009,50550785-01,TOP ASSY ERCP SCOPE,Rec Up 130,6.63,9.04,PASS,chavj11
26586150-009,50550785-01,TOP ASSY ERCP SCOPE,Rec Up 70,4.56,5.34,PASS,chavj11
26586150-010,50550785-01,TOP ASSY ERCP SCOPE,Rec Down 70,3.645,5.34,PASS,avilaa1
26586150-010,50550785-01,TOP ASSY ERCP SCOPE,Rec Down 95,6.305,9.04,PASS,avilaa1
26586150-010,50550785-01,TOP ASSY ERCP SCOPE,Rec Elevator Lever Close,1.605,5.34,PASS,avilaa1
26586150-010,50550785-01,TOP ASSY ERCP SCOPE,Rec Elevator Lever Open,0.61,5.34,PASS,avilaa1
26586150-010,50550785-01,TOP ASSY ERCP SCOPE,Rec Left 90,3.955,9.04,PASS,avilaa1
26586150-010,50550785-01,TOP ASSY ERCP SCOPE,Rec L/R Lock Force,4.59,8.34,PASS,avilaa1
26586150-010,50550785-01,TOP ASSY ERCP SCOPE,Rec Right 125,8.1,9.04,PASS,avilaa1
26586150-010,50550785-01,TOP ASSY ERCP SCOPE,Rec U/D Lock Force,3.285,5.34,PASS,avilaa1
26586150-010,50550785-01,TOP ASSY ERCP SCOPE,Rec Up 130,5.065,9.04,PASS,avilaa1
26586150-010,50550785-01,TOP ASSY ERCP SCOPE,Rec Up 70,3.28,5.34,PASS,avilaa1
26586150-011,50550785-01,TOP ASSY ERCP SCOPE,Rec Down 70,4.45,5.34,PASS,avilaa1
26586150-011,50550785-01,TOP ASSY ERCP SCOPE,Rec Down 95,7.165,9.04,PASS,avilaa1
26586150-011,50550785-01,TOP ASSY ERCP SCOPE,Rec Elevator Lever Close,1.445,5.34,PASS,avilaa1
26586150-011,50550785-01,TOP ASSY ERCP SCOPE,Rec Elevator Lever Open,1.29,5.34,PASS,avilaa1
26586150-011,50550785-01,TOP ASSY ERCP SCOPE,Rec Left 90,3.595,9.04,PASS,avilaa1
26586150-011,50550785-01,TOP ASSY ERCP SCOPE,Rec L/R Lock Force,3.89,8.34,PASS,avilaa1
26586150-011,50550785-01,TOP ASSY ERCP SCOPE,Rec Right 125,8.1,9.04,PASS,avilaa1
26586150-011,50550785-01,TOP ASSY ERCP SCOPE,Rec U/D Lock Force,3.57,5.34,PASS,avilaa1
26586150-011,50550785-01,TOP ASSY ERCP SCOPE,Rec Up 130,6.13,9.04,PASS,avilaa1
26586150-011,50550785-01,TOP ASSY ERCP SCOPE,Rec Up 70,4.31,5.34,PASS,avilaa1
26586150-012,50550785-01,TOP ASSY ERCP SCOPE,Rec Down 70,4.415,5.34,PASS,chavj11
26586150-012,50550785-01,TOP ASSY ERCP SCOPE,Rec Down 95,4.585,9.04,PASS,chavj11
26586150-012,50550785-01,TOP ASSY ERCP SCOPE,Rec Elevator Lever Close,1.915,5.34,PASS,chavj11
26586150-012,50550785-01,TOP ASSY ERCP SCOPE,Rec Elevator Lever Open,0.655,5.34,PASS,chavj11
26586150-012,50550785-01,TOP ASSY ERCP SCOPE,Rec Left 90,5,9.04,PASS,chavj11
26586150-012,50550785-01,TOP ASSY ERCP SCOPE,Rec L/R Lock Force,4.875,8.34,PASS,chavj11
26586150-012,50550785-01,TOP ASSY ERCP SCOPE,Rec Right 125,8.97,9.04,PASS,chavj11
26586150-012,50550785-01,TOP ASSY ERCP SCOPE,Rec U/D Lock Force,5.015,5.34,PASS,chavj11
26586150-012,50550785-01,TOP ASSY ERCP SCOPE,Rec Up 130,4.64,9.04,PASS,chavj11
26586150-012,50550785-01,TOP ASSY ERCP SCOPE,Rec Up 70,3.465,5.34,PASS,chavj11
26586150-013,50550785-01,TOP ASSY ERCP SCOPE,Rec Down 70,3.455,5.34,PASS,chavj11
26586150-013,50550785-01,TOP ASSY ERCP SCOPE,Rec Down 95,4.15,9.04,PASS,chavj11
26586150-013,50550785-01,TOP ASSY ERCP SCOPE,Rec Elevator Lever Close,1.15,5.34,PASS,chavj11
26586150-013,50550785-01,TOP ASSY ERCP SCOPE,Rec Elevator Lever Open,0.275,5.34,PASS,chavj11
26586150-013,50550785-01,TOP ASSY ERCP SCOPE,Rec Left 90,7.81,9.04,PASS,chavj11
26586150-013,50550785-01,TOP ASSY ERCP SCOPE,Rec L/R Lock Force,3.44,8.34,PASS,chavj11
26586150-013,50550785-01,TOP ASSY ERCP SCOPE,Rec Right 125,7.855,9.04,PASS,chavj11
26586150-013,50550785-01,TOP ASSY ERCP SCOPE,Rec U/D Lock Force,4.66,5.34,PASS,chavj11
26586150-013,50550785-01,TOP ASSY ERCP SCOPE,Rec Up 130,5.06,9.04,PASS,chavj11
26586150-013,50550785-01,TOP ASSY ERCP SCOPE,Rec Up 70,4.005,5.34,PASS,chavj11
26586150-014,50550785-01,TOP ASSY ERCP SCOPE,Rec Down 70,2.345,5.34,PASS,chavj11
26586150-014,50550785-01,TOP ASSY ERCP SCOPE,Rec Down 95,3.655,9.04,PASS,chavj11
26586150-014,50550785-01,TOP ASSY ERCP SCOPE,Rec Elevator Lever Close,0.95,5.34,PASS,chavj11
26586150-014,50550785-01,TOP ASSY ERCP SCOPE,Rec Elevator Lever Open,0.43,5.34,PASS,chavj11
26586150-014,50550785-01,TOP ASSY ERCP SCOPE,Rec Left 90,7.25,9.04,PASS,chavj11
26586150-014,50550785-01,TOP ASSY ERCP SCOPE,Rec L/R Lock Force,7.88,8.34,PASS,chavj11
26586150-014,50550785-01,TOP ASSY ERCP SCOPE,Rec Right 125,7.97,9.04,PASS,chavj11
26586150-014,50550785-01,TOP ASSY ERCP SCOPE,Rec U/D Lock Force,3.66,5.34,PASS,chavj11
26586150-014,50550785-01,TOP ASSY ERCP SCOPE,Rec Up 130,6.815,9.04,PASS,chavj11
26586150-014,50550785-01,TOP ASSY ERCP SCOPE,Rec Up 70,3.455,5.34,PASS,chavj11
26586150-015,50550785-01,TOP ASSY ERCP SCOPE,Rec Down 70,5.02,5.34,PASS,avilaa1
26586150-015,50550785-01,TOP ASSY ERCP SCOPE,Rec Down 95,6.73,9.04,PASS,avilaa1
26586150-015,50550785-01,TOP ASSY ERCP SCOPE,Rec Elevator Lever Close,0.82,5.34,PASS,avilaa1
26586150-015,50550785-01,TOP ASSY ERCP SCOPE,Rec Elevator Lever Open,1.29,5.34,PASS,avilaa1
26586150-015,50550785-01,TOP ASSY ERCP SCOPE,Rec Left 90,5.295,9.04,PASS,avilaa1
26586150-015,50550785-01,TOP ASSY ERCP SCOPE,Rec L/R Lock Force,4.725,8.34,PASS,avilaa1
26586150-015,50550785-01,TOP ASSY ERCP SCOPE,Rec Right 125,8.185,9.04,PASS,avilaa1
26586150-015,50550785-01,TOP ASSY ERCP SCOPE,Rec U/D Lock Force,2.63,5.34,PASS,avilaa1
26586150-015,50550785-01,TOP ASSY ERCP SCOPE,Rec Up 130,4.905,9.04,PASS,avilaa1
26586150-015,50550785-01,TOP ASSY ERCP SCOPE,Rec Up 70,2.835,5.34,PASS,avilaa1
26586150-016,50550785-01,TOP ASSY ERCP SCOPE,Rec Down 70,4.75,5.34,PASS,avilaa1
26586150-016,50550785-01,TOP ASSY ERCP SCOPE,Rec Down 95,7.83,9.04,PASS,avilaa1
26586150-016,50550785-01,TOP ASSY ERCP SCOPE,Rec Elevator Lever Close,1.765,5.34,PASS,avilaa1
26586150-016,50550785-01,TOP ASSY ERCP SCOPE,Rec Elevator Lever Open,0.81,5.34,PASS,avilaa1
26586150-016,50550785-01,TOP ASSY ERCP SCOPE,Rec Left 90,5.075,9.04,PASS,avilaa1
26586150-016,50550785-01,TOP ASSY ERCP SCOPE,Rec L/R Lock Force,3.48,8.34,PASS,avilaa1
26586150-016,50550785-01,TOP ASSY ERCP SCOPE,Rec Right 125,8.9,9.04,PASS,avilaa1
26586150-016,50550785-01,TOP ASSY ERCP SCOPE,Rec U/D Lock Force,4.19,5.34,PASS,avilaa1
26586150-016,50550785-01,TOP ASSY ERCP SCOPE,Rec Up 130,5.81,9.04,PASS,avilaa1
26586150-016,50550785-01,TOP ASSY ERCP SCOPE,Rec Up 70,4.055,5.34,PASS,avilaa1
26586150-017,50550785-01,TOP ASSY ERCP SCOPE,Rec Down 70,2.46,5.34,PASS,chavj11
26586150-017,50550785-01,TOP ASSY ERCP SCOPE,Rec Down 95,3.89,9.04,PASS,chavj11
26586150-017,50550785-01,TOP ASSY ERCP SCOPE,Rec Elevator Lever Close,1.415,5.34,PASS,chavj11
26586150-017,50550785-01,TOP ASSY ERCP SCOPE,Rec Elevator Lever Open,0.77,5.34,PASS,chavj11
26586150-017,50550785-01,TOP ASSY ERCP SCOPE,Rec Left 90,7.715,9.04,PASS,chavj11
26586150-017,50550785-01,TOP ASSY ERCP SCOPE,Rec L/R Lock Force,3.065,8.34,PASS,chavj11
26586150-017,50550785-01,TOP ASSY ERCP SCOPE,Rec Right 125,8.234,9.04,PASS,chavj11
26586150-017,50550785-01,TOP ASSY ERCP SCOPE,Rec U/D Lock Force,4.52,5.34,PASS,chavj11
26586150-017,50550785-01,TOP ASSY ERCP SCOPE,Rec Up 130,6.865,9.04,PASS,chavj11
26586150-017,50550785-01,TOP ASSY ERCP SCOPE,Rec Up 70,3.455,5.34,PASS,chavj11
26586150-018,50550785-01,TOP ASSY ERCP SCOPE,Rec Down 70,4.725,5.34,PASS,avilaa1
26586150-018,50550785-01,TOP ASSY ERCP SCOPE,Rec Down 95,8.365,9.04,PASS,avilaa1
26586150-018,50550785-01,TOP ASSY ERCP SCOPE,Rec Elevator Lever Close,2.135,5.34,PASS,avilaa1
26586150-018,50550785-01,TOP ASSY ERCP SCOPE,Rec Elevator Lever Open,1.355,5.34,PASS,avilaa1
26586150-018,50550785-01,TOP ASSY ERCP SCOPE,Rec Left 90,5.065,9.04,PASS,avilaa1
26586150-018,50550785-01,TOP ASSY ERCP SCOPE,Rec L/R Lock Force,3.34,8.34,PASS,avilaa1
26586150-018,50550785-01,TOP ASSY ERCP SCOPE,Rec Right 125,8.51,9.04,PASS,avilaa1
26586150-018,50550785-01,TOP ASSY ERCP SCOPE,Rec U/D Lock Force,3.71,5.34,PASS,avilaa1
26586150-018,50550785-01,TOP ASSY ERCP SCOPE,Rec Up 130,4.38,9.04,PASS,avilaa1
26586150-018,50550785-01,TOP ASSY ERCP SCOPE,Rec Up 70,2.47,5.34,PASS,avilaa1
26586150-020,50550785-01,TOP ASSY ERCP SCOPE,Rec Down 70,3.56,5.34,PASS,chavj11
26586150-020,50550785-01,TOP ASSY ERCP SCOPE,Rec Down 95,5.435,9.04,PASS,chavj11
26586150-020,50550785-01,TOP ASSY ERCP SCOPE,Rec Elevator Lever Close,0.845,5.34,PASS,chavj11
26586150-020,50550785-01,TOP ASSY ERCP SCOPE,Rec Elevator Lever Open,0.73,5.34,PASS,chavj11
26586150-020,50550785-01,TOP ASSY ERCP SCOPE,Rec Left 90,7.41,9.04,PASS,chavj11
26586150-020,50550785-01,TOP ASSY ERCP SCOPE,Rec L/R Lock Force,5.89,8.34,PASS,chavj11
26586150-020,50550785-01,TOP ASSY ERCP SCOPE,Rec Right 125,7.075,9.04,PASS,chavj11
26586150-020,50550785-01,TOP ASSY ERCP SCOPE,Rec U/D Lock Force,5.235,5.34,PASS,chavj11
26586150-020,50550785-01,TOP ASSY ERCP SCOPE,Rec Up 130,5.225,9.04,PASS,chavj11
26586150-020,50550785-01,TOP ASSY ERCP SCOPE,Rec Up 70,3.455,5.34,PASS,chavj11
26586150-022,50550785-01,TOP ASSY ERCP SCOPE,Rec Down 70,4.655,5.34,PASS,chavj11
26586150-022,50550785-01,TOP ASSY ERCP SCOPE,Rec Down 95,5.5,9.04,PASS,chavj11
26586150-022,50550785-01,TOP ASSY ERCP SCOPE,Rec Elevator Lever Close,0.975,5.34,PASS,chavj11
26586150-022,50550785-01,TOP ASSY ERCP SCOPE,Rec Elevator Lever Open,0.5,5.34,PASS,chavj11
26586150-022,50550785-01,TOP ASSY ERCP SCOPE,Rec Left 90,5.705,9.04,PASS,chavj11
26586150-022,50550785-01,TOP ASSY ERCP SCOPE,Rec L/R Lock Force,7.89,8.34,PASS,chavj11
26586150-022,50550785-01,TOP ASSY ERCP SCOPE,Rec Right 125,7.355,9.04,PASS,chavj11
26586150-022,50550785-01,TOP ASSY ERCP SCOPE,Rec U/D Lock Force,4.56,5.34,PASS,chavj11
26586150-022,50550785-01,TOP ASSY ERCP SCOPE,Rec Up 130,5.615,9.04,PASS,chavj11
26586150-022,50550785-01,TOP ASSY ERCP SCOPE,Rec Up 70,3.455,5.34,PASS,chavj11
26586150-024,50550785-01,TOP ASSY ERCP SCOPE,Rec Down 70,3.475,5.34,PASS,chavj11
26586150-024,50550785-01,TOP ASSY ERCP SCOPE,Rec Down 95,4.4,9.04,PASS,chavj11
26586150-024,50550785-01,TOP ASSY ERCP SCOPE,Rec Elevator Lever Close,1.22,5.34,PASS,chavj11
26586150-024,50550785-01,TOP ASSY ERCP SCOPE,Rec Elevator Lever Open,0.56,5.34,PASS,chavj11
26586150-024,50550785-01,TOP ASSY ERCP SCOPE,Rec Left 90,6.64,9.04,PASS,chavj11
26586150-024,50550785-01,TOP ASSY ERCP SCOPE,Rec L/R Lock Force,3.21,8.34,PASS,chavj11
26586150-024,50550785-01,TOP ASSY ERCP SCOPE,Rec Right 125,7.465,9.04,PASS,chavj11
26586150-024,50550785-01,TOP ASSY ERCP SCOPE,Rec U/D Lock Force,4.345,5.34,PASS,chavj11
26586150-024,50550785-01,TOP ASSY ERCP SCOPE,Rec Up 130,7.12,9.04,PASS,chavj11
26586150-024,50550785-01,TOP ASSY ERCP SCOPE,Rec Up 70,4.56,5.34,PASS,chavj11
26586150-025,50550785-01,TOP ASSY ERCP SCOPE,Rec Down 70,6.34,5.34,FAIL,chavj11
26586150-025,50550785-01,TOP ASSY ERCP SCOPE,Rec Down 95,4.62,9.04,PASS,chavj11
26586150-025,50550785-01,TOP ASSY ERCP SCOPE,Rec Elevator Lever Close,0.83,5.34,PASS,chavj11
26586150-025,50550785-01,TOP ASSY ERCP SCOPE,Rec Elevator Lever Open,1.005,5.34,PASS,chavj11
26586150-025,50550785-01,TOP ASSY ERCP SCOPE,Rec Left 90,7.14,9.04,PASS,chavj11
26586150-025,50550785-01,TOP ASSY ERCP SCOPE,Rec L/R Lock Force,4.67,8.34,PASS,chavj11
26586150-025,50550785-01,TOP ASSY ERCP SCOPE,Rec Right 125,9.475,9.04,FAIL,chavj11
26586150-025,50550785-01,TOP ASSY ERCP SCOPE,Rec U/D Lock Force,4.565,5.34,PASS,chavj11
26586150-025,50550785-01,TOP ASSY ERCP SCOPE,Rec Up 130,5.065,9.04,PASS,chavj11
26586150-025,50550785-01,TOP ASSY ERCP SCOPE,Rec Up 70,3.6,5.34,PASS,chavj11
26586150-026,50550785-01,TOP ASSY ERCP SCOPE,Rec Down 70,3.455,5.34,PASS,chavj11
26586150-026,50550785-01,TOP ASSY ERCP SCOPE,Rec Down 95,4.675,9.04,PASS,chavj11
26586150-026,50550785-01,TOP ASSY ERCP SCOPE,Rec Elevator Lever Close,0.68,5.34,PASS,chavj11
26586150-026,50550785-01,TOP ASSY ERCP SCOPE,Rec Elevator Lever Open,1.29,5.34,PASS,chavj11
26586150-026,50550785-01,TOP ASSY ERCP SCOPE,Rec Left 90,3.01,9.04,PASS,chavj11
26586150-026,50550785-01,TOP ASSY ERCP SCOPE,Rec L/R Lock Force,8.125,8.34,PASS,chavj11
26586150-026,50550785-01,TOP ASSY ERCP SCOPE,Rec Right 125,7.315,9.04,PASS,chavj11
26586150-026,50550785-01,TOP ASSY ERCP SCOPE,Rec U/D Lock Force,4.83,5.34,PASS,chavj11
26586150-026,50550785-01,TOP ASSY ERCP SCOPE,Rec Up 130,5.67,9.04,PASS,chavj11
26586150-026,50550785-01,TOP ASSY ERCP SCOPE,Rec Up 70,3.105,5.34,PASS,chavj11
26586150-027,50550785-01,TOP ASSY ERCP SCOPE,Rec Down 70,3.315,5.34,PASS,chavj11
26586150-027,50550785-01,TOP ASSY ERCP SCOPE,Rec Down 95,4.055,9.04,PASS,chavj11
26586150-027,50550785-01,TOP ASSY ERCP SCOPE,Rec Elevator Lever Close,0.815,5.34,PASS,chavj11
26586150-027,50550785-01,TOP ASSY ERCP SCOPE,Rec Elevator Lever Open,0.77,5.34,PASS,chavj11
26586150-027,50550785-01,TOP ASSY ERCP SCOPE,Rec Left 90,4.92,9.04,PASS,chavj11
26586150-027,50550785-01,TOP ASSY ERCP SCOPE,Rec L/R Lock Force,4.99,8.34,PASS,chavj11
26586150-027,50550785-01,TOP ASSY ERCP SCOPE,Rec Right 125,6.965,9.04,PASS,chavj11
26586150-027,50550785-01,TOP ASSY ERCP SCOPE,Rec U/D Lock Force,5.125,5.34,PASS,chavj11
26586150-027,50550785-01,TOP ASSY ERCP SCOPE,Rec Up 130,7.36,9.04,PASS,chavj11
26586150-027,50550785-01,TOP ASSY ERCP SCOPE,Rec Up 70,3.425,5.34,PASS,chavj11
26586150-028,50550785-01,TOP ASSY ERCP SCOPE,Rec Down 70,5.145,5.34,PASS,avilaa1
26586150-028,50550785-01,TOP ASSY ERCP SCOPE,Rec Down 95,8.585,9.04,PASS,avilaa1
26586150-028,50550785-01,TOP ASSY ERCP SCOPE,Rec Elevator Lever Close,0.91,5.34,PASS,avilaa1
26586150-028,50550785-01,TOP ASSY ERCP SCOPE,Rec Elevator Lever Open,0.88,5.34,PASS,avilaa1
26586150-028,50550785-01,TOP ASSY ERCP SCOPE,Rec Left 90,4.915,9.04,PASS,avilaa1
26586150-028,50550785-01,TOP ASSY ERCP SCOPE,Rec L/R Lock Force,3.17,8.34,PASS,avilaa1
26586150-028,50550785-01,TOP ASSY ERCP SCOPE,Rec Right 125,8.69,9.04,PASS,avilaa1
26586150-028,50550785-01,TOP ASSY ERCP SCOPE,Rec U/D Lock Force,3.755,5.34,PASS,avilaa1
26586150-028,50550785-01,TOP ASSY ERCP SCOPE,Rec Up 130,5.22,9.04,PASS,avilaa1
26586150-028,50550785-01,TOP ASSY ERCP SCOPE,Rec Up 70,3.4,5.34,PASS,avilaa1
26586150-029,50550785-01,TOP ASSY ERCP SCOPE,Rec Down 70,3.55,5.34,PASS,chavj11
26586150-029,50550785-01,TOP ASSY ERCP SCOPE,Rec Down 95,5.08,9.04,PASS,chavj11
26586150-029,50550785-01,TOP ASSY ERCP SCOPE,Rec Elevator Lever Close,1.15,5.34,PASS,chavj11
26586150-029,50550785-01,TOP ASSY ERCP SCOPE,Rec Elevator Lever Open,0.935,5.34,PASS,chavj11
26586150-029,50550785-01,TOP ASSY ERCP SCOPE,Rec Left 90,6.005,9.04,PASS,chavj11
26586150-029,50550785-01,TOP ASSY ERCP SCOPE,Rec L/R Lock Force,8.61,8.34,FAIL,chavj11
26586150-029,50550785-01,TOP ASSY ERCP SCOPE,Rec Right 125,8.205,9.04,PASS,chavj11
26586150-029,50550785-01,TOP ASSY ERCP SCOPE,Rec U/D Lock Force,5.85,5.34,FAIL,chavj11
26586150-029,50550785-01,TOP ASSY ERCP SCOPE,Rec Up 130,5.39,9.04,PASS,chavj11
26586150-029,50550785-01,TOP ASSY ERCP SCOPE,Rec Up 70,3.325,5.34,PASS,chavj11
26586150-030,50550785-01,TOP ASSY ERCP SCOPE,Rec Down 70,3.12,5.34,PASS,chavj11
26586150-030,50550785-01,TOP ASSY ERCP SCOPE,Rec Down 95,3.825,9.04,PASS,chavj11
26586150-030,50550785-01,TOP ASSY ERCP SCOPE,Rec Elevator Lever Close,1.245,5.34,PASS,chavj11
26586150-030,50550785-01,TOP ASSY ERCP SCOPE,Rec Elevator Lever Open,0.725,5.34,PASS,chavj11
26586150-030,50550785-01,TOP ASSY ERCP SCOPE,Rec Left 90,4.61,9.04,PASS,chavj11
26586150-030,50550785-01,TOP ASSY ERCP SCOPE,Rec L/R Lock Force,2.645,8.34,PASS,chavj11
26586150-030,50550785-01,TOP ASSY ERCP SCOPE,Rec Right 125,7.89,9.04,PASS,chavj11
26586150-030,50550785-01,TOP ASSY ERCP SCOPE,Rec U/D Lock Force,4.505,5.34,PASS,chavj11
26586150-030,50550785-01,TOP ASSY ERCP SCOPE,Rec Up 130,4.84,9.04,PASS,chavj11
26586150-030,50550785-01,TOP ASSY ERCP SCOPE,Rec Up 70,2.87,5.34,PASS,chavj11
26586150-031,50550785-01,TOP ASSY ERCP SCOPE,Rec Down 70,6.065,5.34,FAIL,chavj11
26586150-031,50550785-01,TOP ASSY ERCP SCOPE,Rec Down 95,4.97,9.04,PASS,chavj11
26586150-031,50550785-01,TOP ASSY ERCP SCOPE,Rec Elevator Lever Close,0.85,5.34,PASS,chavj11
26586150-031,50550785-01,TOP ASSY ERCP SCOPE,Rec Elevator Lever Open,0.63,5.34,PASS,chavj11
26586150-031,50550785-01,TOP ASSY ERCP SCOPE,Rec Left 90,5.805,9.04,PASS,chavj11
26586150-031,50550785-01,TOP ASSY ERCP SCOPE,Rec L/R Lock Force,9.01,8.34,FAIL,chavj11
26586150-031,50550785-01,TOP ASSY ERCP SCOPE,Rec Right 125,8.5,9.04,PASS,chavj11
26586150-031,50550785-01,TOP ASSY ERCP SCOPE,Rec U/D Lock Force,4.27,5.34,PASS,chavj11
26586150-031,50550785-01,TOP ASSY ERCP SCOPE,Rec Up 130,4.89,9.04,PASS,chavj11
26586150-031,50550785-01,TOP ASSY ERCP SCOPE,Rec Up 70,3.325,5.34,PASS,chavj11
26586150-032,50550785-01,TOP ASSY ERCP SCOPE,Rec Down 70,3.945,5.34,PASS,chavj11
26586150-032,50550785-01,TOP ASSY ERCP SCOPE,Rec Down 95,4.56,9.04,PASS,chavj11
26586150-032,50550785-01,TOP ASSY ERCP SCOPE,Rec Elevator Lever Close,1.225,5.34,PASS,chavj11
26586150-032,50550785-01,TOP ASSY ERCP SCOPE,Rec Elevator Lever Open,0.705,5.34,PASS,chavj11
26586150-032,50550785-01,TOP ASSY ERCP SCOPE,Rec Left 90,4.605,9.04,PASS,chavj11
26586150-032,50550785-01,TOP ASSY ERCP SCOPE,Rec L/R Lock Force,5.425,8.34,PASS,chavj11
26586150-032,50550785-01,TOP ASSY ERCP SCOPE,Rec Right 125,7.895,9.04,PASS,chavj11
26586150-032,50550785-01,TOP ASSY ERCP SCOPE,Rec U/D Lock Force,3.91,5.34,PASS,chavj11
26586150-032,50550785-01,TOP ASSY ERCP SCOPE,Rec Up 130,4.8,9.04,PASS,chavj11
26586150-032,50550785-01,TOP ASSY ERCP SCOPE,Rec Up 70,2.355,5.34,PASS,chavj11
26586150-033,50550785-01,TOP ASSY ERCP SCOPE,Rec Down 70,4.565,5.34,PASS,chavj11
26586150-033,50550785-01,TOP ASSY ERCP SCOPE,Rec Down 95,8.19,9.04,PASS,chavj11
26586150-033,50550785-01,TOP ASSY ERCP SCOPE,Rec Elevator Lever Close,1.035,5.34,PASS,chavj11
26586150-033,50550785-01,TOP ASSY ERCP SCOPE,Rec Elevator Lever Open,0.23,5.34,PASS,chavj11
26586150-033,50550785-01,TOP ASSY ERCP SCOPE,Rec Left 90,6.09,9.04,PASS,chavj11
26586150-033,50550785-01,TOP ASSY ERCP SCOPE,Rec L/R Lock Force,5.16,8.34,PASS,chavj11
26586150-033,50550785-01,TOP ASSY ERCP SCOPE,Rec Right 125,8.055,9.04,PASS,chavj11
26586150-033,50550785-01,TOP ASSY ERCP SCOPE,Rec U/D Lock Force,3.785,5.34,PASS,chavj11
26586150-033,50550785-01,TOP ASSY ERCP SCOPE,Rec Up 130,5.43,9.04,PASS,chavj11
26586150-033,50550785-01,TOP ASSY ERCP SCOPE,Rec Up 70,3.595,5.34,PASS,chavj11
26586150-034,50550785-01,TOP ASSY ERCP SCOPE,Rec Down 70,4.555,5.34,PASS,chavj11
26586150-034,50550785-01,TOP ASSY ERCP SCOPE,Rec Down 95,8.89,9.04,PASS,chavj11
26586150-034,50550785-01,TOP ASSY ERCP SCOPE,Rec Elevator Lever Close,0.905,5.34,PASS,chavj11
26586150-034,50550785-01,TOP ASSY ERCP SCOPE,Rec Elevator Lever Open,0.84,5.34,PASS,chavj11
26586150-034,50550785-01,TOP ASSY ERCP SCOPE,Rec Left 90,6.015,9.04,PASS,chavj11
26586150-034,50550785-01,TOP ASSY ERCP SCOPE,Rec L/R Lock Force,5.465,8.34,PASS,chavj11
26586150-034,50550785-01,TOP ASSY ERCP SCOPE,Rec Right 125,9.015,9.04,PASS,chavj11
26586150-034,50550785-01,TOP ASSY ERCP SCOPE,Rec U/D Lock Force,3.935,5.34,PASS,chavj11
26586150-034,50550785-01,TOP ASSY ERCP SCOPE,Rec Up 130,4.235,9.04,PASS,chavj11
26586150-034,50550785-01,TOP ASSY ERCP SCOPE,Rec Up 70,2.455,5.34,PASS,chavj11
26586150-035,50550785-01,TOP ASSY ERCP SCOPE,Rec Down 70,3.455,5.34,PASS,chavj11
26586150-035,50550785-01,TOP ASSY ERCP SCOPE,Rec Down 95,7.89,9.04,PASS,chavj11
26586150-035,50550785-01,TOP ASSY ERCP SCOPE,Rec Elevator Lever Close,1.765,5.34,PASS,chavj11
26586150-035,50550785-01,TOP ASSY ERCP SCOPE,Rec Elevator Lever Open,0.65,5.34,PASS,chavj11
26586150-035,50550785-01,TOP ASSY ERCP SCOPE,Rec Left 90,6.92,9.04,PASS,chavj11
26586150-035,50550785-01,TOP ASSY ERCP SCOPE,Rec L/R Lock Force,4.255,8.34,PASS,chavj11
26586150-035,50550785-01,TOP ASSY ERCP SCOPE,Rec Right 125,8.75,9.04,PASS,chavj11
26586150-035,50550785-01,TOP ASSY ERCP SCOPE,Rec U/D Lock Force,4.565,5.34,PASS,chavj11
26586150-035,50550785-01,TOP ASSY ERCP SCOPE,Rec Up 130,4.785,9.04,PASS,chavj11
26586150-035,50550785-01,TOP ASSY ERCP SCOPE,Rec Up 70,3.455,5.34,PASS,chavj11
26586150-036,50550785-01,TOP ASSY ERCP SCOPE,Rec Down 70,3.455,5.34,PASS,chavj11
26586150-036,50550785-01,TOP ASSY ERCP SCOPE,Rec Down 95,6.78,9.04,PASS,chavj11
26586150-036,50550785-01,TOP ASSY ERCP SCOPE,Rec Elevator Lever Close,1.485,5.34,PASS,chavj11
26586150-036,50550785-01,TOP ASSY ERCP SCOPE,Rec Elevator Lever Open,1.09,5.34,PASS,chavj11
26586150-036,50550785-01,TOP ASSY ERCP SCOPE,Rec Left 90,5.12,9.04,PASS,chavj11
26586150-036,50550785-01,TOP ASSY ERCP SCOPE,Rec L/R Lock Force,5.435,8.34,PASS,chavj11
26586150-036,50550785-01,TOP ASSY ERCP SCOPE,Rec Right 125,9.14,9.04,FAIL,chavj11
26586150-036,50550785-01,TOP ASSY ERCP SCOPE,Rec U/D Lock Force,4.56,5.34,PASS,chavj11
26586150-036,50550785-01,TOP ASSY ERCP SCOPE,Rec Up 130,5.67,9.04,PASS,chavj11
26586150-036,50550785-01,TOP ASSY ERCP SCOPE,Rec Up 70,2.435,5.34,PASS,chavj11
